date,crude_actual,crude_forecast,gas_actual,gas_forecast,dist_actual,dist_forecast,close,atr_pct,crude_surprise,crude_surprise_pct,gasoline_surprise,gasoline_surprise_pct,distillates_surprise,distillates_surprise_pct,cushing_surprise,cushing_surprise_pct,return_5d,target,return_1d,return_2d,return_3d,roll_vol_10,roll_vol_20,future_return_5d,high,low,vol,trend,return,distillates_surprise_pct,eia_score
2020-02-05,373.4,351.38,289.55,246.08,173.64,165.88,69.48,0.0433,22.019999999999985,6.266719790540151,0,17.66498699609883,0,0,0,0,0.375935521013241,1,-0.4147574123989218,0.3341013824884793,-0.2723845428840715,0.5383270128136934,0.5392377118455934,0.3759355210132411,,,,,0.0,4.678080540149501,6.975301423465727
2020-02-12,358.71,365.22,238.92,220.63,193.44,169.23,101.67,0.0178,-6.510000000000048,-1.782487267948099,0,8.289897112813303,0,0,0,0,0.1697649257401397,1,0.4632987910189983,-0.143615229110512,0.952188940092166,0.5383270128136934,0.5392377118455934,0.1697649257401396,,,,,0.4632987910189983,14.30597411806418,3.806179338996257
2020-02-19,479.93,449.53,201.08,236.43,192.56,184.92,89.33,0.0689,30.40000000000003,6.762618735123358,0,-14.951571289599455,0,0,0,0,-0.2598231277286465,0,-0.1213730697354185,0.2856937248128957,-0.2475572776280323,0.5383270128136934,0.5392377118455934,-0.2598231277286466,,,,,-0.1213730697354185,4.131516331386554,0.5410365024067632
2020-02-26,440.17,350.76,290.54,250.34,145.08,124.97,56.04,0.0069,89.41000000000003,25.490363781503028,0,16.05816090117441,0,0,0,0,-0.0967166309778729,0,-0.3726631590730997,-0.4488049572145175,-0.1934369602763386,0.5383270128136934,0.5392377118455934,-0.0967166309778729,,,,,-0.3726631590730997,16.091862046891265,16.62615010221435
2020-03-04,456.21,374.12,209.13,269.04,111.32,148.94,76.42,0.0379,82.08999999999997,21.942157596493097,0,-22.26806422836754,0,0,0,0,0.1896100497252027,1,0.3636688079942898,-0.1445203179223104,-0.2483525130323596,0.5383270128136934,0.5392377118455934,0.1896100497252026,,,,,0.3636688079942898,-25.258493353028065,-0.7284484776818818
2020-03-11,353.09,432.31,231.93,203.93,198.48,122.12,95.6,0.0162,-79.22000000000003,-18.324813212740864,0,13.73020153974403,0,0,0,0,0.1472803347280336,1,0.2509814184768384,0.705924339757316,0.0701891861636627,0.5383270128136934,0.5392377118455934,0.1472803347280336,,,,,0.2509814184768384,62.528660334097594,7.92184708967198
2020-03-18,495.49,453.78,295.01,279.94,183.89,198.77,118.93,0.0503,41.71000000000003,9.191678787077446,0,5.383296420661568,0,0,0,0,-0.2952997561590852,0,0.2440376569037659,0.5562679926720755,1.1222341184867952,0.5252112693986354,0.5392377118455934,-0.2952997561590852,,,,,0.2440376569037659,-7.486039140715412,3.2561229708202095
2020-03-25,474.87,447.79,295.06,262.79,112.47,194.41,66.12,0.071,27.079999999999984,6.047477612273607,0,12.27976711442596,0,0,0,0,-0.3219903206291591,0,-0.4440427142016312,-0.30836820083682,-0.1347814708191572,0.5550929899647179,0.5392377118455934,-0.3219903206291592,,,,,-0.4440427142016312,-42.14803765238413,-3.5546630626821925
2020-04-01,381.85,383.64,257.34,208.18,192.08,103.94,50.62,0.0288,-1.7899999999999636,-0.466583255135013,0,23.614180036506855,0,0,0,0,0.0780323982615567,1,-0.2344222625529342,-0.5743714790212731,-0.4705020920502092,0.5355813654781477,0.5392377118455934,0.0780323982615567,,,,,-0.2344222625529342,84.79892245526267,21.4959871962999
2020-04-08,377.27,456.83,263.18,287.36,186.99,170.56,90.91,0.0548,-79.56,-17.415668848368103,0,-8.414532293986639,0,0,0,0,0.3167968320316797,1,0.7959304622678782,0.3749243799153052,-0.2356007735642815,0.428505538540331,0.5392377118455934,0.3167968320316796,,,,,0.7959304622678782,9.632973733583494,-6.72257925142787
2020-04-15,377.51,385.59,244.84,292.09,151.88,192.52,109.68,0.0088,-8.079999999999984,-2.095490028268364,0,-16.176520935328146,0,0,0,0,-0.4473924142961342,0,0.2064679353206469,1.1667325167917824,0.6588021778584392,0.3970214755440428,0.5392377118455934,-0.4473924142961343,,,,,0.2064679353206469,-21.10949511739041,-8.295399221851056
2020-04-22,395.64,398.81,229.32,206.11,159.13,118.06,83.81,0.0399,-3.170000000000016,-0.7948647225495891,0,11.260977148124777,0,0,0,0,-0.168595632979358,0,-0.2358679795769511,-0.0780992190078099,0.6556696957724222,0.3904144193752765,0.5392377118455934,-0.1685956329793579,,,,,-0.2358679795769511,34.787396239200405,8.891728788445201
2020-04-29,428.71,461.97,232.87,227.69,139.9,156.79,44.83,0.076,-33.26000000000005,-7.199601705738477,0,2.275023057666128,0,0,0,0,0.7606513495427172,1,-0.4650996301157379,-0.5912654996353027,-0.5068749312506875,0.4206746429229898,0.5392377118455934,0.7606513495427172,,,,,-0.4650996301157379,-10.772370686906045,-4.579310208143374
2020-05-06,414.79,447.44,267.25,280.62,105.48,191.55,54.57,0.0382,-32.64999999999998,-7.297067763275518,0,-4.764450146105054,0,0,0,0,0.0417811984606927,1,0.2172652241802364,-0.3488843813387424,-0.5024617067833699,0.401852636406771,0.5392377118455934,0.0417811984606926,,,,,0.2172652241802364,-44.933437744714176,-12.858404683474054
2020-05-13,393.68,477.38,275.24,274.83,133.52,103.39,119.71,0.0597,-83.69999999999999,-17.533202061250993,0,0.14918313139032313,0,0,0,0,-0.5458190627349429,0,1.1936961700568078,1.6703100602275265,0.4283498389213696,0.5334485822905811,0.5392377118455934,-0.5458190627349429,,,,3.5878571428571417,1.1936961700568078,29.14208337363382,-1.1550275234955691
2020-05-20,441.78,448.64,279.16,218.45,180.29,169.74,60.61,0.0349,-6.860000000000014,-1.5290656205420858,0,27.79125658045321,0,0,0,0,0.8092723972941759,1,-0.4936930916381254,0.1106835257467473,0.3519964309614098,0.5690252052377522,0.5392377118455934,0.8092723972941758,,,,-2.9328571428571437,-0.4936930916381254,6.215388240838919,6.189702716041593
2020-05-27,370.92,435.25,278.96,220.93,100.46,129.73,69.68,0.0159,-64.32999999999998,-14.780011487650771,0,26.26623817498754,0,0,0,0,0.6869977037887484,1,0.1496452730572515,-0.4179266560855399,0.2768920652373099,0.5667511066218862,0.5334251330666141,0.6869977037887482,,,,-1.4035714285714285,0.1496452730572515,-22.562244661990285,-5.171205892460859
2020-06-03,393.82,364.05,209.12,237.05,133.35,192.44,78.93,0.0649,29.769999999999985,8.177448152726269,0,-11.782324404134151,0,0,0,0,-0.0333206638793869,0,0.1327497129735935,0.30226035307705,-0.3406565867513156,0.5373243914035475,0.5322631390451059,-0.0333206638793869,,,,1.635,0.1327497129735935,-30.705674495946788,-5.22662051892568
2020-06-10,404.95,405.16,249.44,248.45,139.82,197.11,56.85,0.0372,-0.2100000000000363,-0.051831375259165854,0,0.3984705172066851,0,0,0,0,0.309938434476693,1,-0.2797415431394907,-0.1841274397244546,-0.0620359676621019,0.540887603389381,0.523993007535579,0.3099384344766929,,,,-1.3978571428571434,-0.2797415431394907,-29.06498909238497,-5.754036265139323
2020-06-17,418.41,389.78,205.76,261.83,153.74,194.43,54.37,0.0312,28.630000000000052,7.345169069731658,0,-21.414658366115415,0,0,0,0,0.8192017656796028,1,-0.0436235708003518,-0.3111617889268974,-0.2197187141216993,0.4871715990470524,0.4466062929149734,0.8192017656796027,119.71,44.83,74.88,-2.9450000000000003,-0.0436235708003518,-20.927840353854858,-5.530432116101392
2020-06-24,467.78,386.6,254.95,236.89,191.99,147.42,109.66,0.0388,81.17999999999995,20.998448008277276,0,7.623791633247501,0,0,0,0,-0.4850446835673901,0,1.0169210961927533,0.9289357959542656,0.3893323197770175,0.5773459984130764,0.4822464735230853,-0.48504468356739,119.71,44.83,74.88,-0.6621428571428584,1.0169210961927533,30.233346900013586,15.97080690996313
2020-07-01,379.95,495.95,244.15,246.25,134.63,186.2,117.55,0.0504,-116.0,-23.389454582115132,0,-0.8527918781725865,0,0,0,0,-0.5766056997022544,0,0.0719496625934708,1.1620378885414753,1.0677220756376429,0.5643702762059024,0.4753548469589177,-0.5766056997022544,119.71,44.83,74.88,3.673571428571427,0.0719496625934708,-27.69602577873254,-15.065545364227079
2020-07-08,427.14,408.96,288.77,274.75,134.7,184.45,76.3,0.0355,18.180000000000007,4.44542253521127,0,5.102820746132841,0,0,0,0,0.5587155963302753,1,-0.3509145044661846,-0.3042130220682109,0.4033474342468273,0.5515520179783672,0.4836202306874442,0.5587155963302755,119.71,44.83,74.88,1.834285714285714,-0.3509145044661846,-26.972079154242344,-2.5956826675373934
2020-07-15,438.86,483.81,235.09,203.67,173.75,131.91,74.47,0.0623,-44.94999999999999,-9.290837312167998,0,15.426916089753039,0,0,0,0,0.0910433731704042,1,-0.0239842726081257,-0.366482347937048,-0.3209009666241108,0.5541084136085322,0.4723633011086549,0.0910433731704041,119.71,44.83,74.88,-1.1742857142857146,-0.0239842726081257,31.71859601243272,5.712767495569953
2020-07-22,356.97,444.67,211.71,225.24,145.22,182.89,98.91,0.0366,-87.69999999999999,-19.72249083590078,0,-6.006925945657965,0,0,0,0,-0.4323122030128399,0,0.3281858466496576,0.2963302752293577,-0.158570820927265,0.4228054170802517,0.4714007386640953,-0.4323122030128399,119.71,44.83,74.88,-0.7692857142857156,0.3281858466496576,-20.597080212149375,-13.209797565921779
2020-07-29,441.13,469.22,214.3,271.33,122.46,103.7,56.47,0.014,-28.090000000000032,-5.986530838412691,0,-21.01868573323996,0,0,0,0,-0.0407295909332388,0,-0.4290769386310787,-0.2417080703639049,-0.2598951507208388,0.4139616115272088,0.4844223752280355,-0.0407295909332388,119.71,44.83,74.88,-1.9528571428571435,-0.4290769386310787,18.090646094503366,-2.980220263112395
2020-08-05,375.58,425.4,276.15,289.52,145.24,159.63,49.77,0.0332,-49.81999999999999,-11.711330512458861,0,-4.617988394584141,0,0,0,0,1.2003214788024914,1,-0.1186470692403045,-0.4968152866242038,-0.3316771854438028,0.4159943737372956,0.4842669650896991,1.2003214788024916,119.71,44.83,74.88,0.3528571428571427,-0.1186470692403045,-9.01459625383699,-7.411049134667771
2020-08-12,359.76,436.54,261.82,251.17,114.09,123.0,118.93,0.0673,-76.78000000000003,-17.58830805882623,0,4.240156069594301,0,0,0,0,-0.2204658202303877,0,1.3895921237693392,1.106074021604392,0.2024062278839349,0.5996730586514774,0.5543725228112049,-0.2204658202303877,119.71,44.83,74.88,4.597142857142856,1.3895921237693392,-7.243902439024387,-7.636072497416509
2020-08-19,492.33,423.88,210.11,253.21,117.64,112.06,81.25,0.0521,68.44999999999999,16.148438237236952,0,-17.0214446506852,0,0,0,0,0.4544,1,-0.3168250231228454,0.6325095439019488,0.4388170710111563,0.6027741596848614,0.5576091715508994,0.4543999999999999,119.71,44.83,74.88,-2.7471428571428578,-0.3168250231228454,4.979475281099409,4.050981420977623
2020-08-26,494.84,379.29,208.41,210.72,149.84,107.7,56.15,0.0717,115.54999999999995,30.464815840122323,0,-1.0962414578587711,0,0,0,0,0.2881567230632235,1,-0.3089230769230769,-0.527873539056588,0.1281896724934699,0.6180042359349855,0.5434683656594551,0.2881567230632236,119.71,44.83,74.88,-0.3185714285714296,-0.3089230769230769,39.1272051996286,19.792119084402895
2020-09-02,471.26,458.37,270.1,244.74,141.89,169.63,54.17,0.0674,12.889999999999986,2.8121386652704117,0,10.362016834191392,0,0,0,0,0.9462802289089904,1,-0.0352626892252893,-0.3332923076923076,-0.5445219877238712,0.5331829891519001,0.5432425966302982,0.9462802289089902,119.71,44.83,74.88,-1.1078571428571442,-0.0352626892252893,-16.35323940340742,-0.0733890477350414
2020-09-09,395.69,392.12,207.28,253.26,191.48,133.99,109.51,0.0069,3.569999999999993,0.9104355809446071,0,-18.1552554686883,0,0,0,0,-0.1266550999908684,0,1.0215986708510243,0.950311665182547,0.3478153846153846,0.620726927080823,0.5776663382165501,-0.1266550999908684,119.71,44.83,74.88,2.1842857142857133,1.0215986708510243,42.906187028882734,5.314360544416729
2020-09-16,364.65,353.65,282.19,224.25,136.24,172.48,92.71,0.0702,11.0,3.1104199066874028,0,25.837235228539573,0,0,0,0,-0.0477834106353143,0,-0.1534106474294586,0.711463909913236,0.6511130899376669,0.6072302857398284,0.5647472877772006,-0.0477834106353143,119.71,49.77,69.94,2.56142857142857,-0.1534106474294586,-21.011131725417428,2.20938866329939
2020-09-23,452.63,446.82,270.62,226.92,158.06,106.54,118.17,0.015,5.810000000000002,1.3002998970502668,0,19.25788824255245,0,0,0,0,-0.3371414064483372,0,0.2746197821162766,0.0790795361154232,1.1814657559534796,0.605866222565218,0.565260902917727,-0.3371414064483371,119.71,49.77,69.94,4.557142857142856,0.2746197821162766,48.3574244415243,14.043182495635458
2020-09-30,416.02,376.57,208.13,237.73,163.23,131.53,72.33,0.0375,39.44999999999999,10.476139894309156,0,-12.45109998738064,0,0,0,0,0.2253560071892713,1,-0.3879157146483879,-0.2198252615683313,-0.3395123732992421,0.6264304552091424,0.5206163317287988,0.2253560071892713,118.93,49.77,69.16,-2.6664285714285723,-0.3879157146483879,24.10096555918801,6.520429072085137
2020-10-07,368.31,491.07,208.48,202.01,101.31,153.95,105.43,0.0503,-122.76,-24.99847272282974,0,3.2028117419929703,0,0,0,0,-0.6148155174049132,0,0.4576247753352691,-0.1078107810781078,0.1372020278287133,0.6066739319373965,0.5095366745540022,-0.6148155174049132,118.93,49.77,69.16,-0.865714285714286,0.4576247753352691,-34.192919779149065,-16.197410696563114
2020-10-14,424.28,493.09,298.66,232.21,166.35,179.07,95.64,0.0351,-68.81,-13.954856111460384,0,28.61633865897249,0,0,0,0,-0.2876411543287328,0,-0.0928578203547377,0.3222729158025716,-0.1906575272911906,0.6053060151044833,0.5116681787510379,-0.2876411543287328,118.93,49.77,69.16,1.3814285714285706,-0.0928578203547377,-7.103367398224157,-1.279348192434487
2020-10-21,355.16,487.23,237.43,221.14,117.8,131.88,88.28,0.046,-132.07,-27.106294768384537,0,7.366374242561283,0,0,0,0,-0.0583371091980064,0,-0.0769552488498536,-0.1626671725315375,0.2205170745195632,0.434555262094307,0.5132718954290517,-0.0583371091980063,118.93,49.77,69.16,0.9864285714285704,-0.0769552488498536,-10.67637245981195,-11.50451755080395
2020-10-28,486.4,405.52,237.06,232.75,196.11,162.59,78.33,0.0713,80.88,19.944762280528707,0,1.8517722878625145,0,0,0,0,-0.3043533767394357,0,-0.1127095604893521,-0.18099121706399,-0.2570425874988145,0.420597674069339,0.5081505342005336,-0.3043533767394356,118.93,49.77,69.16,-1.4700000000000009,-0.1127095604893521,20.61627406359555,12.471514182503096
2020-11-04,388.82,352.32,281.28,211.98,114.87,188.6,88.63,0.0305,36.5,10.359900090826521,0,32.69176337390319,0,0,0,0,-0.3170484034751212,0,0.1314949572322226,0.0039646579066605,-0.0732956921790046,0.4004139746354644,0.5069536297524696,-0.3170484034751212,118.93,49.77,69.16,2.297142857142856,0.1314949572322226,-39.09331919406151,2.8636488722989455
2020-11-11,449.38,489.25,294.72,289.05,141.46,161.59,40.61,0.0521,-39.870000000000005,-8.149207971384774,0,1.9615983393876546,0,0,0,0,1.8591479931051464,1,-0.5418030012411148,-0.4815524064853823,-0.5399864068871771,0.4488993830154163,0.4799709314251802,1.859147993105147,118.93,40.61,78.32000000000001,-0.6542857142857156,-0.5418030012411148,-12.457454050374402,-5.358854330751259
2020-11-18,396.76,414.23,298.6,259.36,108.53,123.3,68.13,0.0212,-17.470000000000027,-4.217463727880653,0,15.129549660703272,0,0,0,0,0.0697196536034052,1,0.6776655996060084,-0.2312986573395012,-0.1302183071620068,0.3731370292168991,0.5009894136855725,0.0697196536034052,118.93,40.61,78.32000000000001,-3.6285714285714303,0.6776655996060084,-11.97891321978913,-1.0568582029694322
2020-11-25,428.01,495.0,275.34,267.91,199.69,102.44,83.13,0.0567,-66.99000000000001,-13.533333333333337,0,2.7733193983053823,0,0,0,0,0.272825694695056,1,0.2201673271686481,1.0470327505540509,-0.0620557373349881,0.3728169731230227,0.4921384096742501,0.272825694695056,118.93,40.61,78.32000000000001,0.1342857142857129,0.2201673271686481,94.93361967981258,14.128054482290256
2020-12-02,432.01,494.54,237.63,278.92,150.22,187.01,54.49,0.073,-62.53000000000003,-12.644073280220008,0,-14.803527893302745,0,0,0,0,-0.0192695907505965,0,-0.3445206303380247,-0.2002054895053573,0.3417877370105886,0.383536182598175,0.5013545155877112,-0.0192695907505965,118.93,40.61,78.32000000000001,-0.1185714285714293,-0.3445206303380247,-19.672744773006787,-11.95288384534991
2020-12-09,377.73,477.95,208.35,249.84,159.54,102.13,60.53,0.0411,-100.21999999999996,-20.968720577466257,0,-16.60662824207493,0,0,0,0,0.4632413679167353,1,0.1108460267939071,-0.27186334656562,-0.1115514457654482,0.3602153038317187,0.4980157354595556,0.4632413679167353,118.93,40.61,78.32000000000001,0.4542857142857132,0.1108460267939071,56.212670126309604,-0.4662798541395681
2020-12-16,495.44,394.17,277.71,208.69,106.71,187.47,116.11,0.0185,101.26999999999998,25.691960321688605,0,33.07297905984953,0,0,0,0,-0.5614503488071656,0,0.9182223690731868,1.1308496971921451,0.3967280163599183,0.439795099363482,0.5179296907358758,-0.5614503488071656,118.93,40.61,78.32000000000001,0.47142857142857,0.9182223690731868,-43.07889262281965,8.27560141608142
2020-12-23,466.27,407.76,255.84,253.71,175.0,152.89,72.88,0.0666,58.50999999999999,14.349126937414164,0,0.8395412084663575,0,0,0,0,-0.3102360043907792,0,-0.3723193523382999,0.2040310589790186,0.3374931180033031,0.4609996164798086,0.5275013180550124,-0.3102360043907792,118.93,40.61,78.32000000000001,-1.4164285714285725,-0.3723193523382999,14.461377460919625,8.799834508842864
2020-12-30,490.92,477.67,242.42,258.68,120.99,193.91,105.81,0.0656,13.25,2.773881550024075,0,-6.285758466058458,0,0,0,0,0.054153671675645,1,0.4518386388583975,-0.0887089828610799,0.7480588138113333,0.4735723988632686,0.444063095437047,0.054153671675645,118.17,40.61,77.56,-0.8828571428571438,0.4518386388583975,-37.6050745191068,-7.668613977023422
2021-01-06,484.22,397.54,290.64,274.54,189.81,179.88,53.44,0.0383,86.68,21.80409518539015,0,5.864354920958681,0,0,0,0,-0.1502619760479042,0,-0.4949437671297609,-0.2667398463227223,-0.5397467918353286,0.5080635241963907,0.4540309427532838,-0.1502619760479042,118.17,40.61,77.56,-1.3492857142857153,-0.4949437671297609,5.520346897931958,10.998578437934187
2021-01-13,439.68,375.42,211.12,243.17,120.51,199.79,88.57,0.056,64.25999999999999,17.116829151350483,0,-13.180079779578065,0,0,0,0,-0.2553912159873545,0,0.657372754491018,-0.1629335601549949,0.2152854006586169,0.5406548782140558,0.4632287093667698,-0.2553912159873546,118.17,40.61,77.56,-1.2042857142857162,0.657372754491018,-39.68166574903648,-3.725617445182717
2021-01-20,488.28,433.52,249.26,212.76,119.07,135.07,50.92,0.0548,54.75999999999999,12.631481823214614,0,17.1554803534499,0,0,0,0,0.5164964650432049,1,-0.425087501411313,-0.0471556886227544,-0.5187600415839713,0.5256337746138734,0.4778732800332694,0.5164964650432049,118.17,40.61,77.56,-3.1942857142857153,-0.425087501411313,-11.845709632042645,6.114546873567297
2021-01-27,363.27,490.42,201.14,228.38,103.65,176.72,50.27,0.0302,-127.15000000000003,-25.926756657558837,0,-11.927489272265527,0,0,0,0,0.6484981102048936,1,-0.0127651217596228,-0.4324263294569266,-0.059318862275449,0.491380873916079,0.4255266194800149,0.6484981102048935,118.17,40.61,77.56,-2.7150000000000007,-0.0127651217596228,-41.34789497510185,-21.025779512497014
2021-02-03,379.4,454.4,246.87,236.31,147.21,140.19,111.54,0.0542,-75.0,-16.505281690140848,0,4.468706360289451,0,0,0,0,0.0235789851174466,1,1.2188183807439823,1.1904948939512965,0.2593428926273007,0.6118133112789336,0.4966644290084159,0.0235789851174466,118.17,40.61,77.56,2.372142857142857,1.2188183807439823,5.007489835223632,-4.706873436953723
2021-02-10,356.78,435.51,205.63,264.59,156.48,147.99,45.41,0.0314,-78.73000000000002,-18.077656081375864,0,-22.28353301334139,0,0,0,0,1.364236952213169,1,-0.5928814774968622,-0.0966779391287051,-0.1082089552238807,0.6394701585419569,0.5191631481419569,1.3642369522131692,116.11,40.61,75.5,-3.087142857142858,-0.5928814774968622,5.7368741131157375,-10.540394212595476
2021-02-17,398.8,364.58,211.88,257.08,106.57,162.75,65.95,0.0777,34.22000000000003,9.386142959021347,0,-17.582075618484517,0,0,0,0,0.5551175132676269,1,0.4523232768112752,-0.408732293347678,0.3119156554605131,0.646468838372797,0.5141759416388726,0.5551175132676269,116.11,40.61,75.5,1.8099999999999992,0.4523232768112752,-34.51920122887866,-6.665798185864096
2021-02-24,408.3,442.25,211.75,235.61,177.55,187.37,77.22,0.0464,-33.94999999999999,-7.676653476540415,0,-10.126904630533513,0,0,0,0,0.4887334887334886,1,0.1708870356330551,0.7005064963664391,-0.3076923076923077,0.5926066544960233,0.5079764372288708,0.4887334887334886,116.11,40.61,75.5,0.6492857142857135,0.1708870356330551,-5.240967070502211,-6.144235730823311
2021-03-03,390.7,498.51,264.92,298.65,145.33,198.41,82.87,0.0414,-107.81,-21.626446811498266,0,-11.294157040013381,0,0,0,0,0.3702184143839748,1,0.0731675731675731,0.2565579984836998,0.8249284298612642,0.5689843359357096,0.5060610820676429,0.3702184143839748,116.11,40.61,75.5,-0.0185714285714289,0.0731675731675731,-26.752683836500168,-16.259946899902015
2021-03-10,474.31,371.01,274.6,260.58,152.44,176.83,114.17,0.029,103.3,27.84291528530229,0,5.380305472407721,0,0,0,0,-0.0768152754664097,0,0.377700012067093,0.4785029785029786,0.7311599696739954,0.5650821783456002,0.5076457344757495,-0.0768152754664096,116.11,40.61,75.5,4.262857142857142,0.377700012067093,-13.792908443137483,9.454645519974964
2021-03-17,403.51,427.75,258.34,223.72,144.08,141.78,107.36,0.0666,-24.24000000000001,-5.666861484511983,0,15.474700518505264,0,0,0,0,-0.5671572280178838,0,-0.0596478934921608,0.2955231084831664,0.3903133903133904,0.5259359247212941,0.5064578266909333,-0.5671572280178838,116.11,40.61,75.5,3.344999999999999,-0.0596478934921608,1.6222316264635432,1.1526418351889682
2021-03-24,392.14,481.61,296.22,210.18,140.08,142.14,102.56,0.0062,-89.47000000000003,-18.57727206660992,0,40.936340279760216,0,0,0,0,0.0315912636505459,1,-0.0447093889716839,-0.1016904615923622,0.2376010619041872,0.5023504891411935,0.5079759198993505,0.0315912636505459,116.11,40.61,75.5,-0.9678571428571436,-0.0447093889716839,-1.4492753623188224,0.46650415684431185
2021-03-31,431.4,461.12,237.49,215.29,155.96,173.76,114.96,0.0507,-29.720000000000027,-6.445176960444142,0,10.311672627618568,0,0,0,0,-0.5303583855254,0,0.1209048361934477,0.0707898658718331,0.0069195059998248,0.4653411457672791,0.4834164018200548,-0.5303583855254002,116.11,45.41,70.7,3.0057142857142845,0.1209048361934477,-10.244014732964999,-2.564539205246943
2021-04-07,371.14,454.55,228.57,224.6,115.52,123.88,113.55,0.0522,-83.41000000000003,-18.350016499835007,0,1.7675868210151375,0,0,0,0,-0.5525319242624395,0,-0.0122651356993737,0.1071567862714508,0.0576564828614007,0.4653193076616468,0.4685557124740467,-0.5525319242624394,116.11,45.41,70.7,0.5528571428571415,-0.0122651356993737,-6.748466257668712,-8.336182487264718
2021-04-14,470.33,455.37,286.86,216.07,118.19,111.05,105.4,0.0066,14.95999999999998,3.2852405735994856,0,32.762530661359754,0,0,0,0,-0.2869070208728653,0,-0.0717745486569791,-0.0831593597773137,0.0276911076443058,0.2870694148487706,0.4698381476971736,-0.2869070208728653,116.11,45.41,70.7,3.711428571428571,-0.0717745486569791,6.429536244934715,9.152509610698688
2021-04-21,361.18,403.92,222.36,218.66,186.18,135.46,46.47,0.0282,-42.74000000000001,-10.581303228362053,0,1.6921247599012244,0,0,0,0,-0.0335700451904455,0,-0.5591081593927894,-0.5907529722589168,-0.5957724425887265,0.2788597080571081,0.482936874664905,-0.0335700451904454,116.11,45.41,70.7,-3.0071428571428576,-0.5591081593927894,37.442787538756825,3.594461168386789
2021-04-28,498.03,394.04,296.32,228.51,194.61,128.72,105.8,0.0253,103.98999999999997,26.39072175413662,0,29.67485011596867,0,0,0,0,0.1218336483931947,1,1.2767376802238002,0.0037950664136621,-0.0682518714222809,0.4694654265474025,0.5505429456791047,0.1218336483931947,116.11,45.41,70.7,3.9199999999999986,1.2767376802238002,51.18862647607211,26.72898402006281
2021-05-05,465.84,471.4,201.22,217.34,137.33,129.63,53.99,0.026,-5.560000000000002,-1.1794654221467973,0,-7.416950400294471,0,0,0,0,-0.1668827560659382,0,-0.4896975425330813,0.161824833225737,-0.4877609108159393,0.507563092493685,0.5374888887322264,-0.1668827560659382,114.96,45.41,69.55,0.2657142857142846,-0.4896975425330813,5.939983028619931,-0.7671796431936271
2021-05-12,379.81,471.52,296.99,289.68,127.07,123.36,50.81,0.0745,-91.70999999999998,-19.449864268747877,0,2.5234741784037564,0,0,0,0,0.6170045266679786,1,-0.0588997962585663,-0.5197542533081285,0.0933935872605982,0.5089314406894373,0.5279930939580434,0.6170045266679787,114.96,45.41,69.55,-4.337857142857144,-0.0588997962585663,3.007457846952005,-6.6737593024279995
2021-05-19,350.83,480.06,204.32,208.02,164.4,104.21,75.16,0.0161,-129.23000000000002,-26.919551722701335,0,-1.778675127391605,0,0,0,0,-0.02700904736562,0,0.4792363707931508,0.392109649935173,-0.2896030245746692,0.5171877029195637,0.5289915958457329,-0.02700904736562,114.96,45.41,69.55,2.124999999999999,0.4792363707931508,57.75837251703293,0.4281187888477316
2021-05-26,472.32,486.99,289.11,252.45,140.87,101.79,44.91,0.0138,-14.670000000000016,-3.0123821844391085,0,14.521687462863945,0,0,0,0,-0.0750389668225339,0,-0.4024747205960617,-0.116118874237355,-0.168179292461567,0.5368471988543501,0.5238951110383541,-0.0750389668225338,114.96,44.91,70.05,-1.5028571428571442,-0.4024747205960617,38.39276942725218,9.377938504247583
2021-06-02,456.03,426.7,252.77,241.04,102.54,198.77,118.69,0.024,29.329999999999984,6.873681743613777,0,4.866412213740466,0,0,0,0,-0.5003791389333558,0,1.642841238031619,0.5791644491750931,1.33595748868333,0.739795732214351,0.6167124835442608,-0.5003791389333558,118.69,44.91,73.78,2.962142857142856,1.642841238031619,-48.4127383407959,-5.959792527965577
2021-06-09,459.35,425.23,299.3,298.24,115.62,142.78,44.98,0.0358,34.120000000000005,8.02389295204948,0,0.3554184549356231,0,0,0,0,0.6974210760337928,1,-0.6210295728368018,0.0015586729013583,-0.4015433741351782,0.7836815953980532,0.6278545364843358,0.6974210760337929,118.69,44.91,73.78,-2.7064285714285736,-0.6210295728368018,-19.02227202689452,-0.5238135335719876
2021-06-16,465.69,469.74,207.38,211.2,171.6,138.43,82.16,0.028,-4.050000000000011,-0.8621790777877147,0,-1.808712121212118,0,0,0,0,-0.0496592015579357,0,0.8265895953757225,-0.307776560788609,0.8294366510799378,0.8125115951287768,0.6446269616981033,-0.0496592015579356,118.69,44.91,73.78,-2.2864285714285733,0.8265895953757225,23.961569024055468,4.085699749453584
2021-06-23,361.11,447.49,255.39,239.79,165.89,167.96,73.13,0.0269,-86.38,-19.30322465306487,0,6.505692480920803,0,0,0,0,0.4077669902912623,1,-0.1099074975657254,0.6258337038683859,-0.383857106748673,0.8140285731971026,0.5995085223182184,0.4077669902912622,118.69,44.91,73.78,-2.4450000000000016,-0.1099074975657254,-1.2324362943558118,-6.66663862391295
2021-06-30,403.77,455.3,296.93,296.95,102.71,121.83,41.54,0.0054,-51.53000000000003,-11.317812431363942,0,-0.006735140596053817,0,0,0,0,1.699566682715455,1,-0.4319704635580472,-0.4944011684518014,-0.0764784348599376,0.8017832388842908,0.590450674666068,1.6995666827154552,118.69,41.54,77.15,-4.35857142857143,-0.4319704635580472,-15.693999835836825,-7.6672719678321535
2021-07-07,367.38,469.37,252.31,286.55,122.2,195.0,59.3,0.0212,-101.99,-21.72912627564608,0,-11.949049031582623,0,0,0,0,-0.2355817875210792,0,0.4275397207510831,-0.1891152741692875,-0.2782375851996105,0.7168548791951953,0.5897596750169156,-0.2355817875210792,118.69,41.54,77.15,-3.975714285714287,0.4275397207510831,-37.33333333333333,-18.548126983241623
2021-07-14,479.47,483.5,262.94,281.71,123.11,178.63,76.35,0.0571,-4.029999999999973,-0.833505687693893,0,-6.662880266941175,0,0,0,0,-0.3872953503601833,0,0.28752107925801,0.837987481945113,0.0440311773553945,0.6840387214731292,0.5907952878029072,-0.3872953503601832,118.69,41.54,77.15,-2.657142857142859,0.28752107925801,-31.081005430218887,-7.8821794145095705
2021-07-21,443.49,400.7,269.57,225.79,167.19,108.94,78.08,0.0089,42.79000000000002,10.678812078861997,0,19.38969839231144,0,0,0,0,-0.1257684426229507,0,0.0226588081204976,0.3166947723440134,0.8796340876263842,0.6810362149066653,0.5911702652930211,-0.1257684426229507,118.69,41.54,77.15,-1.9514285714285735,0.0226588081204976,53.46979988984762,18.843424487976613
2021-07-28,399.63,406.34,245.45,217.09,101.97,141.76,102.95,0.079,-6.7099999999999795,-1.6513264753654524,0,13.063706296927535,0,0,0,0,-0.535016998542982,0,0.3185194672131148,0.3483955468238378,0.7360876897133222,0.6759087175979032,0.5900122207986579,-0.535016998542982,118.69,41.54,77.15,4.034285714285713,0.3185194672131148,-28.06856659142212,-3.661502649045098
2021-08-04,359.53,364.1,262.76,266.86,110.41,187.91,112.14,0.0471,-4.57000000000005,-1.255149684152719,0,-1.536386120062963,0,0,0,0,-0.4324950954164437,0,0.0892666342884895,0.436219262295082,0.4687622789783892,0.6446949428979932,0.588469725618186,-0.4324950954164437,118.69,41.54,77.15,0.4528571428571415,0.0892666342884895,-41.243148315683044,-9.05796676081029
2021-08-11,396.65,436.74,258.43,292.94,179.99,194.47,45.33,0.0372,-40.09000000000003,-9.179374456198202,0,-11.780569399877105,0,0,0,0,1.2495036399735275,1,-0.595773140716961,-0.5596891694997572,-0.4194415983606557,0.4706251719313638,0.609815927982425,1.249503639973527,118.69,41.54,77.15,-0.6185714285714303,-0.595773140716961,-7.445878541677374,-7.517039370790178
2021-08-18,398.78,355.39,290.12,255.68,117.85,146.74,46.78,0.0704,43.389999999999986,12.20912237260474,0,13.46996245306633,0,0,0,0,1.5309961522017956,1,0.0319876461504522,-0.5828428749777064,-0.5456046624575037,0.4134169427211409,0.6100328895792273,1.5309961522017956,118.69,41.54,77.15,-0.2878571428571445,0.0319876461504522,-19.68788333106175,3.640064773442812
2021-08-25,459.44,419.84,204.54,257.16,165.27,161.34,68.26,0.033,39.60000000000002,9.432164634146348,0,-20.461969202053208,0,0,0,0,-0.017579841781424,0,0.4591705857203934,0.5058460180895656,-0.3912965935437845,0.3521329322703453,0.6144570902570894,-0.017579841781424,118.69,41.54,77.15,-0.4928571428571437,0.4591705857203934,2.435849758274456,0.1676419649027886
2021-09-01,445.63,431.4,228.1,228.0,123.82,116.7,47.87,0.0129,14.230000000000018,3.2985628187297213,0,0.043859649122804524,0,0,0,0,1.4117401295174434,1,-0.2987108116026956,0.0233005557930738,0.0560335318773439,0.3664249650772633,0.6203697889704376,1.4117401295174434,118.69,41.54,77.15,0.2114285714285699,-0.2987108116026956,6.1011139674378665,2.548419850804023
2021-09-08,483.08,392.98,295.04,276.95,109.94,199.12,63.64,0.0477,90.09999999999997,22.927375438953625,0,6.531864957573581,0,0,0,0,0.6543054682589566,1,0.3294338834343013,-0.0676823908584823,0.3604104318084651,0.3374941749678828,0.6010906102084796,0.6543054682589566,118.69,41.54,77.15,-3.9321428571428583,0.3294338834343013,-44.787063077541184,1.5199105515879285
2021-09-15,420.83,438.62,289.03,218.7,124.32,123.17,101.97,0.0642,-17.79000000000002,-4.05590260362045,0,32.15820759030635,0,0,0,0,0.0528586839266451,1,0.602294154619736,1.1301441403801964,0.4938470553765015,0.3597192011002464,0.5520069587962068,0.0528586839266451,118.69,41.54,77.15,4.070714285714285,0.602294154619736,0.9336689128846242,4.996014259190014
2021-09-22,367.94,354.58,245.57,232.37,172.23,194.27,118.4,0.0391,13.360000000000014,3.7678380055276706,0,5.680595601841885,0,0,0,0,-0.0288006756756757,0,0.1611258213199962,0.8604651162790697,1.4733653645289326,0.3555564847506296,0.5326812020851515,-0.0288006756756757,118.69,41.54,77.15,2.588571428571428,0.1611258213199962,-11.34503526020488,0.37424727053846985
2021-09-29,456.99,355.6,262.01,242.54,185.57,164.96,67.06,0.0634,101.39,28.51237345331833,0,8.027541848767214,0,0,0,0,0.1999701759618251,1,-0.4336148648648649,-0.3423555947827792,0.0537397862979258,0.3953446359985538,0.5471051224278982,0.1999701759618251,118.69,41.54,77.15,-0.4335714285714291,-0.4336148648648649,12.493937924345285,15.509245335949831
2021-10-06,464.12,473.39,227.74,250.76,183.02,160.77,115.45,0.0787,-9.269999999999982,-1.958216269883179,0,-9.180092518743015,0,0,0,0,-0.2620181896925075,0,0.7215926036385327,-0.0249155405405405,0.1321957438462293,0.4417348365537505,0.5576151667035002,-0.2620181896925075,118.69,41.54,77.15,5.279285714285714,0.7215926036385327,13.83964670025502,0.14862432834912953
2021-10-13,434.19,404.03,218.81,224.24,139.72,151.27,105.28,0.0717,30.160000000000025,7.464792218399631,0,-2.4215126650017864,0,0,0,0,-0.6129369300911854,0,-0.0880900822867042,0.5699373695198329,-0.1108108108108107,0.4460508985090926,0.5454802212588409,-0.6129369300911854,118.69,41.54,77.15,3.284285714285714,-0.0880900822867042,-7.6353540027764994,0.9745435538041956
2021-10-20,465.65,369.06,246.37,211.48,166.81,123.07,107.36,0.0644,96.58999999999996,26.171896168644658,0,16.498013996595432,0,0,0,0,-0.4754098360655737,0,0.0197568389057749,-0.070073624945864,0.6009543692215926,0.3784056026664215,0.4208707957850506,-0.4754098360655737,118.4,41.54,76.86000000000001,2.2149999999999994,0.0197568389057749,35.54074916714066,20.876511100205082
2021-10-27,424.07,428.34,235.34,261.06,120.5,117.65,114.99,0.0148,-4.269999999999982,-0.9968716440211005,0,-9.852141270206083,0,0,0,0,-0.2665449169492999,0,0.071069299552906,0.0922302431610941,-0.0039844088349936,0.3772457120880804,0.3867549102060866,-0.2665449169492998,118.4,41.54,76.86000000000001,2.6364285714285702,0.071069299552906,2.4224394390140196,-1.8846890238468528
2021-11-03,428.41,465.5,258.37,228.86,129.31,122.05,80.47,0.0299,-37.089999999999975,-7.967776584317933,0,12.894345888315998,0,0,0,0,-0.1370697154218964,0,-0.3002000173928167,-0.2504657228017883,-0.2356572948328267,0.3854210981187168,0.3596052549310449,-0.1370697154218964,118.4,41.54,76.86000000000001,-1.605714285714287,-0.3002000173928167,5.94838181073331,0.5814349060826884
2021-11-10,414.13,382.37,207.77,258.12,189.63,118.64,85.2,0.0692,31.75999999999999,8.306090959018748,0,-19.506431117309774,0,0,0,0,-0.1092723004694836,0,0.0587796694420281,-0.2590660057396294,-0.206408345752608,0.3624439102743914,0.3572778376096333,-0.1092723004694835,118.4,41.54,76.86000000000001,-1.924285714285715,0.0587796694420281,59.836480107889415,11.388446181723427
2021-11-17,353.81,443.43,297.44,215.44,101.3,177.96,40.75,0.0233,-89.62,-20.210630764720474,0,38.06164129223914,0,0,0,0,-0.0120245398773006,0,-0.5217136150234742,-0.4936000994159314,-0.6456213583789895,0.4038606282597606,0.3644404104536878,-0.0120245398773006,118.4,40.75,77.65,-0.327142857142858,-0.5217136150234742,-43.077095976623966,-9.087343242765156
2021-11-24,366.18,362.8,298.62,248.11,108.55,135.01,56.32,0.0424,3.3799999999999955,0.9316427783902964,0,20.357905767603075,0,0,0,0,0.6226917613636364,1,0.3820858895705521,-0.3389671361502347,-0.3001118429228283,0.3740363895564008,0.3622160706955138,0.6226917613636365,118.4,40.75,77.65,0.6814285714285704,0.3820858895705521,-19.59854825568476,0.5245286137397809
2021-12-01,354.71,357.75,269.82,253.26,120.79,105.78,84.34,0.0099,-3.0400000000000205,-0.8497554157931573,0,6.538734896943852,0,0,0,0,0.2378468105288119,1,0.4975142045454546,1.0696932515337425,-0.010093896713615,0.4034034973231813,0.371893933752658,0.237846810528812,118.4,40.75,77.65,1.1485714285714277,0.4975142045454546,14.18982794479108,3.8058104020297234
2021-12-08,445.46,429.7,253.61,205.18,102.65,196.91,69.44,0.0408,15.759999999999993,3.667675122178262,0,23.603665074568674,0,0,0,0,0.480270737327189,1,-0.176665876215319,0.2329545454545454,0.7040490797546011,0.3771635724342371,0.3760562446372577,0.480270737327189,118.4,40.75,77.65,1.5407142857142848,-0.176665876215319,-47.86958508963485,-3.3861139541419316
2021-12-15,397.15,431.1,230.95,233.66,118.14,188.38,75.89,0.0736,-33.950000000000045,-7.8752029691487,0,-1.1598048446460703,0,0,0,0,-0.015417050994861,0,0.0928859447004608,-0.1001897083234527,0.3474786931818181,0.3004042469661401,0.3714506104685117,-0.015417050994861,118.4,40.75,77.65,0.874999999999999,0.0928859447004608,-37.28633612910075,-10.839309382408844
2021-12-22,426.29,445.61,281.38,213.44,158.3,192.78,40.26,0.0223,-19.319999999999993,-4.3356298108211195,0,31.830959520239883,0,0,0,0,1.2704918032786885,1,-0.4694953221768349,-0.4202188940092166,-0.522646431112165,0.3354939062865727,0.3893292879167606,1.2704918032786887,118.4,40.26,78.14000000000001,-4.407857142857144,-0.4694953221768349,-17.885672787633567,1.054805422192815
2021-12-29,486.13,458.91,268.47,206.34,142.14,199.49,91.39,0.0399,27.21999999999997,5.931446253077939,0,30.110497237569074,0,0,0,0,-0.2262829631250684,0,1.2699950322901143,0.2042429832652523,0.3161002304147466,0.5328857678226625,0.4508742287509866,-0.2262829631250684,118.4,40.26,78.14000000000001,-1.9292857142857152,1.2699950322901143,-28.748308185873988,2.6450163115701937
2022-01-05,387.39,496.38,216.26,299.0,189.27,117.39,104.4,0.0189,-108.99,-21.95696845158951,0,-27.672240802675592,0,0,0,0,-0.5982758620689655,0,0.1423569318306161,1.5931445603576757,0.3756753195414417,0.533074852927407,0.4504095721666192,-0.5982758620689655,118.4,40.26,78.14000000000001,2.6671428571428564,0.1423569318306161,61.23179146434962,-2.0708772483009987
2022-01-12,411.56,427.45,291.09,232.24,181.74,139.62,102.79,0.023,-15.889999999999986,-3.7173938472335917,0,25.340165346193576,0,0,0,0,-0.2764860394980056,0,-0.0154214559386972,0.1247401247401247,1.5531544957774468,0.516824098590457,0.4443932578811276,-0.2764860394980056,118.4,40.26,78.14000000000001,-0.904285714285715,-0.0154214559386972,30.16759776536313,9.614595083417905
2022-01-19,463.33,398.44,282.25,280.99,134.18,175.82,74.72,0.0591,64.88999999999999,16.286015460295147,0,0.44841453432506173,0,0,0,0,-0.3217344753747323,0,-0.2730810390115771,-0.2842911877394636,-0.1824050771419192,0.5320525895099675,0.4432115458604602,-0.3217344753747323,118.4,40.26,78.14000000000001,-2.182857142857144,-0.2730810390115771,-23.68331247867136,1.8674265952487987
2022-01-26,384.32,469.28,294.98,225.46,125.94,169.6,91.41,0.0559,-84.95999999999998,-18.10433003750426,0,30.834737869245103,0,0,0,0,-0.4233672464719396,0,0.2233672376873661,-0.1107111586730227,-0.1244252873563219,0.486661785808631,0.4409952255666175,-0.4233672464719396,118.4,40.26,78.14000000000001,-1.1392857142857156,0.2233672376873661,-25.742924528301884,-6.22336934681306
2022-02-02,361.55,390.62,272.57,268.15,137.97,115.39,70.71,0.0197,-29.069999999999993,-7.442015257795298,0,1.6483311579339983,0,0,0,0,-0.3698203931551406,0,-0.226452248112898,-0.0536670235546039,-0.312092616013231,0.4948062631381593,0.4299357963437065,-0.3698203931551406,118.4,40.26,78.14000000000001,-3.162857142857144,-0.226452248112898,19.568420140393446,1.2665441565473698
2022-02-09,393.46,415.85,261.34,276.02,159.03,181.58,41.94,0.0121,-22.390000000000043,-5.384152939761943,0,-5.31845518440693,0,0,0,0,1.4022412970910827,1,-0.4068731438268985,-0.5411880538234328,-0.4387044967880086,0.4980370343372656,0.4412909954111947,1.4022412970910825,115.45,40.26,75.19,-2.752142857142858,-0.4068731438268985,-12.418768586848778,-5.7011059301559195
2022-02-16,374.18,361.77,241.82,259.56,126.81,122.44,74.37,0.0738,12.410000000000023,3.430356303728896,0,-6.834643242410237,0,0,0,0,0.5128411994083636,1,0.7732474964234624,0.0517607127704711,-0.186412865113226,0.5455192263251654,0.4570244696391376,0.5128411994083635,115.45,40.26,75.19,-0.7735714285714295,0.7732474964234624,3.5690950669715815,0.7190328864038276
2022-02-23,489.45,353.8,293.27,247.16,162.41,122.38,50.68,0.0344,135.64999999999998,38.34087054833238,0,18.655931380482276,0,0,0,0,0.8370165745856353,1,-0.318542423020035,0.2083929422985218,-0.2832696931127139,0.5622984424498617,0.44008514295571,0.8370165745856353,114.99,40.26,74.72999999999999,0.7092857142857133,-0.318542423020035,32.7095930707632,25.60945310958205
2022-03-02,471.22,494.4,286.61,241.18,140.94,153.7,52.71,0.0167,-23.17999999999995,-4.688511326860832,0,18.836553611410565,0,0,0,0,0.8681464617719598,1,0.0400552486187846,-0.291246470350948,0.2567954220314736,0.5301556126847694,0.4391040311693786,0.8681464617719596,114.99,40.26,74.72999999999999,-0.2578571428571438,0.0400552486187846,-8.301886792452825,0.2315288330472156
2022-03-09,445.01,475.4,204.52,234.89,155.2,159.29,44.56,0.0754,-30.389999999999983,-6.392511569204877,0,-12.929456341266116,0,0,0,0,1.6427289048473968,1,-0.1546196167710112,-0.1207576953433307,-0.4008336694903859,0.3467346860331741,0.4413182465247336,1.6427289048473963,114.99,40.26,74.72999999999999,-2.8414285714285725,-0.1546196167710112,-2.567643919894534,-5.656424679914081
2022-03-16,480.72,454.4,202.64,292.95,143.61,158.01,100.75,0.0746,26.32000000000005,5.792253521126772,0,-30.827786311657277,0,0,0,0,0.0724565756823821,1,1.260996409335727,0.9114020110036044,0.9879636937647986,0.5348989990797496,0.5197589075614406,0.072456575682382,104.4,40.26,64.14000000000001,2.2364285714285708,1.260996409335727,-9.11334725650274,-5.671325305181295
2022-03-23,470.55,411.34,237.65,283.06,129.45,109.15,112.51,0.0714,59.21000000000003,14.39441824281617,0,-16.04253515155797,0,0,0,0,-0.1411430095102658,0,0.1167245657568238,1.524910233393178,1.1345095807247203,0.5336286659420445,0.5114140770578102,-0.1411430095102658,112.51,40.26,72.25,2.615714285714285,0.1167245657568238,18.598259276225363,6.268912122059947
2022-03-30,377.99,375.99,281.06,296.5,194.85,187.75,93.1,0.0103,2.0,0.5319290406659751,0,-5.207419898819561,0,0,0,0,0.1600429645542428,1,-0.1725179984001422,-0.0759305210918114,1.0893177737881508,0.5266456654322986,0.5153466604669389,0.1600429645542427,112.51,40.26,72.25,3.7742857142857136,-0.1725179984001422,3.7816245006657754,-0.07238746336436697
2022-04-06,483.88,373.47,298.73,212.43,176.36,126.56,98.47,0.0612,110.40999999999995,29.5632848689319,0,40.62514710728241,0,0,0,0,-0.1774144409464811,0,0.0576799140708914,-0.1247889076526531,-0.0226302729528535,0.5254113236136772,0.4942213731198096,-0.1774144409464811,112.51,40.26,72.25,0.5057142857142846,0.0576799140708914,39.34892541087232,27.820128451203704
2022-04-13,430.9,387.54,215.04,273.09,114.01,112.95,117.76,0.0458,43.35999999999996,11.188522475099333,0,-21.25672855102713,0,0,0,0,-0.5484035326086958,0,0.1958972275820047,0.2648764769065521,0.04666251888721,0.5133615165808368,0.4910090287761851,-0.5484035326086957,117.76,40.26,77.5,0.9542857142857132,0.1958972275820047,0.9384683488269165,0.4117569495996903
2022-04-20,471.12,432.38,259.41,293.83,186.85,188.87,108.05,0.0518,38.74000000000001,8.95971136500301,0,-11.714256542898942,0,0,0,0,0.014807959278112,1,-0.0824558423913044,0.097288514268305,0.1605800214822772,0.4844548026432835,0.4848043220815668,0.014807959278112,117.76,40.26,77.5,0.375714285714284,-0.0824558423913044,-1.0695187165775455,1.0271294941059066
2022-04-27,484.41,457.19,238.09,218.12,148.74,195.57,96.63,0.0787,27.220000000000027,5.953761018394984,0,9.15551072803961,0,0,0,0,-0.2020076580772016,0,-0.1056918093475243,-0.1794327445652175,-0.0186858941809688,0.440959490145512,0.4829762463791864,-0.2020076580772016,117.76,40.26,77.5,1.5649999999999988,-0.1056918093475243,-23.945390397300194,-0.5764715264941236
2022-05-04,397.7,449.03,296.99,206.65,189.46,186.21,108.0,0.0612,-51.329999999999984,-11.43130748502327,0,43.71642874425357,0,0,0,0,-0.3478703703703703,0,0.1176653213287799,-0.000462748727441,-0.0828804347826087,0.4177038482197612,0.4829958322738701,-0.3478703703703703,117.76,40.26,77.5,1.1849999999999992,0.1176653213287799,1.7453412813490146,4.51983101111121
2022-05-11,366.51,391.99,284.21,274.11,179.99,180.95,81.0,0.0645,-25.480000000000015,-6.500165820556651,0,3.6846521469482925,0,0,0,0,0.0643209876543209,1,-0.25,-0.1617510090034151,-0.2503470615455807,0.4341865354943371,0.4717702911379207,0.0643209876543209,117.76,41.94,75.82000000000001,0.7349999999999994,-0.25,-0.530533296490732,-1.9692425581311483
2022-05-18,384.19,493.23,283.83,257.45,142.52,165.52,53.18,0.0698,-109.04000000000002,-22.107333292784304,0,10.2466498349194,0,0,0,0,0.7989845806694247,1,-0.3434567901234567,-0.5075925925925926,-0.4496533167753286,0.4502224046074869,0.3945292092652925,0.7989845806694247,117.76,41.94,75.82000000000001,0.8028571428571419,-0.3434567901234567,-13.895601739971001,-9.572723698124044
2022-05-25,414.07,460.68,246.87,284.18,102.25,155.09,109.65,0.0706,-46.610000000000014,-10.117652166362772,0,-13.129002744739251,0,0,0,0,-0.5325125398996808,0,1.0618653629183905,0.3537037037037038,0.0152777777777777,0.3929147792339741,0.4570616731763517,-0.5325125398996808,117.76,41.94,75.82000000000001,2.519999999999999,1.0618653629183905,-34.070539686633566,-13.486969352819674
2022-06-01,472.7,433.15,241.48,213.98,126.87,108.7,77.11,0.0089,39.55000000000001,9.130786101812308,0,12.851668380222451,0,0,0,0,0.1570483724549345,1,-0.2967624259005929,0.4499811959383226,-0.0480246913580246,0.4077101422379406,0.4642611740281633,0.1570483724549345,117.76,41.94,75.82000000000001,1.8878571428571416,-0.2967624259005929,16.71573137074517,9.565794390918448
2022-06-08,479.11,441.76,227.34,279.53,154.16,140.85,70.43,0.0462,37.35000000000002,8.454817095255347,0,-18.67062569312774,0,0,0,0,0.685787306545506,1,-0.0866294903384774,-0.3576835385316917,0.3243700639338098,0.40413452028398,0.4590454352803182,0.685787306545506,117.76,41.94,75.82000000000001,1.2657142857142851,-0.0866294903384774,9.44976925807597,1.5377555510917846
2022-06-15,351.04,412.94,205.64,220.16,163.35,137.27,86.21,0.0183,-61.89999999999998,-14.99007119678403,0,-6.595203488372098,0,0,0,0,-0.5243011251594942,0,0.2240522504614508,0.118013227856309,-0.2137710898312814,0.4089424832041133,0.4590574923658853,-0.5243011251594942,117.76,41.94,75.82000000000001,2.9749999999999983,0.2240522504614508,18.9990529613171,-3.515258584124611
2022-06-22,426.61,387.16,286.47,216.37,125.79,125.98,95.67,0.0648,39.44999999999999,10.189585701002166,0,32.398206775430985,0,0,0,0,-0.425211665098777,0,0.1097320496462128,0.3583700127786453,0.2406951108805601,0.4062724894477062,0.4537472608791679,-0.425211665098777,117.76,41.94,75.82000000000001,-0.3628571428571437,0.1097320496462128,-0.15081759009366386,10.52531211746833
2022-06-29,412.61,403.4,281.29,216.43,113.94,172.34,51.26,0.0133,9.210000000000036,2.2830937035200884,0,29.968119022316692,0,0,0,0,1.0626219274287945,1,-0.4641998536636355,-0.4054054054054054,-0.2721851483742724,0.4354077808009859,0.4571993310055098,1.062621927428795,117.76,44.56,73.2,-4.375000000000002,-0.4641998536636355,-33.88650342346525,0.12956060117832457
2022-07-06,383.32,463.68,299.97,281.46,183.49,149.59,89.22,0.0652,-80.36000000000001,-17.33091787439614,0,6.576422937539987,0,0,0,0,0.0867518493611297,1,0.7405384315255561,-0.0674192536845406,0.0349147430692495,0.4918776250821242,0.4546560519545125,0.0867518493611296,117.76,44.56,73.2,-0.2771428571428578,0.7405384315255561,22.661942643224815,-1.0846940336054942
2022-07-13,367.98,352.16,299.66,266.52,198.44,108.1,118.73,0.0296,15.819999999999991,4.4922762380736,0,12.43433888638753,0,0,0,0,-0.1585109071001432,0,0.3307554360008966,1.3162309793211082,0.2410368976690708,0.498204056522973,0.4476385569459493,-0.1585109071001432,118.73,44.56,74.17,1.4471428571428564,0.3307554360008966,83.57076780758558,20.997931834024065
2022-07-20,400.64,367.41,255.54,252.31,152.57,122.02,41.01,0.0254,33.22999999999996,9.044391823848006,0,1.2801712179461733,0,0,0,0,1.2123872226286274,1,-0.6545944580139813,-0.5403496973772697,-0.1999609832227857,0.5443144575474366,0.4795684169988086,1.2123872226286272,118.73,41.01,77.72,-5.4821428571428585,-0.6545944580139813,25.036879200131125,8.881166813154662
2022-07-27,491.44,356.9,276.9,235.88,117.17,168.33,54.99,0.0127,134.54000000000002,37.69683384701598,0,17.39019840596913,0,0,0,0,0.9723586106564828,1,0.3408924652523775,-0.5368483112945338,-0.3836583725622058,0.5305006509040451,0.4795955899428961,0.9723586106564828,118.73,41.01,77.72,-3.79,0.3408924652523775,-30.39268104318898,12.478237011362424
2022-08-03,398.48,356.11,294.48,287.72,127.23,107.61,105.73,0.0536,42.370000000000005,11.898009042149898,0,2.3495064646183756,0,0,0,0,-0.3907121914310035,0,0.922713220585561,1.5781516703243113,-0.1094921249894719,0.504548264904154,0.4411020115140557,-0.3907121914310035,118.73,41.01,77.72,0.6500000000000001,0.922713220585561,18.232506272651243,8.875606164313883
2022-08-10,427.82,478.32,284.96,239.24,101.84,185.12,96.96,0.0154,-50.5,-10.55778558287339,0,19.110516636014033,0,0,0,0,0.044657590759076,1,-0.082947129480753,0.763229678123295,1.364301389904901,0.48938489149456,0.4426770931290311,0.044657590759076,118.73,41.01,77.72,-0.7885714285714295,-0.082947129480753,-44.98703543647364,-9.398417993241278
2022-08-17,455.45,455.55,224.73,281.66,191.43,149.51,99.91,0.0165,-0.1000000000000227,-0.02195148721326369,0,-20.21231271746078,0,0,0,0,-0.5107596837153437,0,0.0304249174917492,-0.0550458715596331,0.8168757955991996,0.4847925833037217,0.4389395434043894,-0.5107596837153437,118.73,41.01,77.72,1.3507142857142849,0.0304249174917492,28.038258310480916,1.5564085237187228
2022-08-24,404.54,421.13,245.05,243.91,111.78,148.06,90.73,0.0696,-16.589999999999975,-3.93940113504143,0,0.46738551104916354,0,0,0,0,-0.4614791138542929,0,-0.0918826944249824,-0.0642533003300328,-0.1418708029887448,0.4896813365238373,0.4407584672317392,-0.4614791138542929,118.73,41.01,77.72,2.682142857142857,-0.0918826944249824,-24.50357962987978,-6.382999277782696
2022-08-31,495.77,364.68,212.92,237.69,157.65,159.24,108.46,0.0791,131.08999999999995,35.94658330591203,0,-10.421136774790698,0,0,0,0,-0.4156371012354785,0,0.1954149674859471,0.0855770193173857,0.118605610561056,0.4902670834261807,0.4407518519886521,-0.4156371012354785,118.73,41.01,77.72,-0.0850000000000013,0.1954149674859471,-0.9984928409947271,12.094707399207728
2022-09-07,494.37,423.74,295.41,246.27,127.41,182.47,64.42,0.0258,70.63,16.668239958465094,0,19.953709343403585,0,0,0,0,-0.000620925178516,0,-0.4060483127420247,-0.289981263088284,-0.3552196977279551,0.4827669030716948,0.4528329884514559,-0.000620925178516,118.73,41.01,77.72,-0.9064285714285718,-0.4060483127420247,-30.174823258617856,4.623073200343184
2022-09-14,387.77,421.02,260.62,230.14,155.42,134.78,101.29,0.0511,-33.25,-7.897487055246782,0,13.244112279482062,0,0,0,0,-0.5288774805015303,0,0.5723377832971128,-0.066107320671215,0.1163892868951834,0.4616999165603047,0.4646401829469817,-0.5288774805015303,118.73,41.01,77.72,2.2042857142857137,0.5723377832971128,15.313844784092584,2.5525965906162167
2022-09-21,424.59,375.98,222.86,274.76,165.14,167.8,48.88,0.0283,48.60999999999996,12.928879195701887,0,-18.889212403552182,0,0,0,0,0.3091243862520458,1,-0.5174252147299832,-0.2412294318534616,-0.549326940807671,0.4945447065570458,0.4845367219971185,0.3091243862520458,118.73,41.01,77.72,-2.6664285714285714,-0.5174252147299832,-1.5852205005959623,1.076665097451126
2022-09-28,395.13,415.08,267.17,250.27,182.97,156.57,48.86,0.0644,-19.94999999999999,-4.8063023995374365,0,6.752707076357536,0,0,0,0,1.2795742939009414,1,-0.0004091653027823,-0.5176226675881134,-0.2415398944427197,0.4332649879677817,0.4791336125151605,1.2795742939009416,118.73,41.01,77.72,-3.3435714285714293,-0.0004091653027823,16.861467714121485,2.8003139982808296
2022-10-05,392.73,409.78,261.81,223.22,120.64,126.7,63.38,0.0314,-17.049999999999955,-4.160769193225622,0,17.287877430337787,0,0,0,0,0.8876617229409908,1,0.2971756037658617,0.296644844517185,-0.3742718925856452,0.430736060621658,0.4707296504648784,0.8876617229409909,118.73,41.01,77.72,0.8657142857142855,0.2971756037658617,-4.782951854775061,0.8366774378222963
2022-10-12,355.53,442.38,235.82,289.96,101.1,187.86,64.38,0.0382,-86.85000000000002,-19.632442696324432,0,-18.671540902193403,0,0,0,0,-0.2620378999689344,0,0.015777847901546,0.3176422431436758,0.317103109656301,0.3167819070061063,0.4142763172406398,-0.2620378999689344,118.73,41.01,77.72,-1.7742857142857151,0.015777847901546,-46.18332801022038,-20.823950861012527
2022-10-19,441.43,445.26,211.36,238.39,113.69,179.74,47.72,0.0197,-3.829999999999984,-0.8601715851412622,0,-11.338562859180323,0,0,0,0,0.5597233864207881,1,-0.2587760173967069,-0.247081098138214,-0.0233319688907082,0.326698454304756,0.4126435402919399,0.559723386420788,118.73,41.01,77.72,-5.072142857142858,-0.2587760173967069,-36.74752420162457,-9.961286046217484
2022-10-26,425.4,356.8,267.16,254.36,190.0,165.85,63.99,0.0253,68.59999999999997,19.22645739910313,0,5.032237773234789,0,0,0,0,0.384122519143616,1,0.3409471919530595,-0.0060577819198507,0.0096244872199431,0.3458343101770826,0.4156660124653027,0.3841225191436159,118.73,41.01,77.72,1.6414285714285708,0.3409471919530595,14.561350618028342,11.60930063789388
2022-11-02,357.72,406.19,252.03,290.65,187.39,185.06,111.38,0.0629,-48.46999999999997,-11.932839311652176,0,-13.287459143299493,0,0,0,0,-0.3646974322140419,0,0.7405844663228629,1.3340318524727577,0.730040385212799,0.41131792456541,0.4402612534255131,-0.3646974322140419,118.73,41.01,77.72,4.027857142857141,0.7405844663228629,1.2590511185561353,-7.178817329609543
2022-11-09,391.8,443.88,277.23,262.42,159.74,186.73,119.64,0.0745,-52.079999999999984,-11.732900783995671,0,5.643624723725326,0,0,0,0,-0.2416415914409896,0,0.0741605315137368,0.8696671354899201,1.507124895222129,0.4099105715735612,0.4403259495598484,-0.2416415914409896,119.64,41.01,78.63,0.9935714285714272,0.0741605315137368,-14.45402452739248,-6.4552402743317
2022-11-16,486.24,425.47,252.02,211.69,160.05,170.84,47.51,0.0551,60.76999999999998,14.28302818060027,0,19.05144314799944,0,0,0,0,0.3081456535466217,1,-0.6028920093614176,-0.5734422697073083,-0.2575402406626036,0.4397928869510744,0.4507517449625509,0.3081456535466218,119.64,41.01,78.63,-3.5321428571428575,-0.6028920093614176,-6.315851088737996,8.260329684092397
2022-11-23,385.93,478.47,285.22,293.98,166.5,183.7,74.43,0.0471,-92.54000000000002,-19.340815516124316,0,-2.9797945438465168,0,0,0,0,-0.2400913610103453,0,0.5666175541991161,-0.3778836509528585,-0.331747171844137,0.4390644672663852,0.4392616490288299,-0.2400913610103453,119.64,41.01,78.63,-1.82,0.5666175541991161,-9.363091997822531,-10.204903514783537
2022-11-30,371.73,448.8,255.19,262.77,117.54,169.75,88.57,0.0633,-77.07,-17.172459893048124,0,-2.884651977014113,0,0,0,0,-0.2422942305521056,0,0.1899771597474135,0.8642391075563038,-0.2596957539284521,0.3888075454175291,0.4363296093714811,-0.2422942305521056,119.64,41.01,78.63,-0.1542857142857155,0.1899771597474135,-30.756995581737844,-13.597313468969642
2022-12-07,423.42,374.44,256.09,233.49,191.44,168.01,70.76,0.0108,48.98000000000002,13.080867428693521,0,9.679215383956471,0,0,0,0,-0.3362068965517242,0,-0.2010838884498136,-0.0493080747010614,0.4893706588086719,0.4016161479670301,0.4067273165139393,-0.3362068965517242,119.64,47.51,72.13,-2.6928571428571426,-0.2010838884498136,13.945598476281178,9.957309743524938
2022-12-14,497.85,360.59,287.67,213.93,141.88,161.86,90.73,0.0554,137.26000000000005,38.0653928284201,0,34.46921890337961,0,0,0,0,0.0600683346191998,1,0.2822215941209722,0.0243874901208085,0.2189977159747413,0.4008948146770287,0.4051546276089722,0.0600683346191999,119.64,47.51,72.13,1.879285714285714,0.2822215941209722,-12.344000988508599,19.651200714342245
2022-12-21,386.31,446.36,240.35,279.4,138.31,175.27,62.15,0.0624,-60.05000000000001,-13.453266421722379,0,-13.9763779527559,0,0,0,0,0.811906677393403,1,-0.3150005510856387,-0.1216789146410401,-0.2982951337924805,0.4230052224572034,0.366053324302176,0.8119066773934032,119.64,47.51,72.13,-2.7957142857142867,-0.3150005510856387,-21.08746505391682,-12.394075170023495
2022-12-28,450.82,353.98,213.4,262.01,151.89,115.86,56.56,0.0791,96.83999999999996,27.357477823605848,0,-18.552726995152852,0,0,0,0,-0.2904879773691655,0,-0.08994368463395,-0.3766119254932216,-0.2006783493499152,0.4111090964128414,0.3661817939044441,-0.2904879773691654,119.64,47.51,72.13,0.548571428571428,-0.08994368463395,31.09787674779906,13.452021079971583
2023-01-04,464.24,437.87,202.88,253.35,104.7,188.09,67.11,0.0337,26.370000000000005,6.022335396350516,0,-19.92105782514308,0,0,0,0,-0.2674713157502608,0,0.1865275813295615,0.0798069187449719,-0.2603328557257798,0.4038286278378737,0.3676029794582655,-0.2674713157502608,119.64,47.51,72.13,1.3035714285714282,0.1865275813295615,-44.33515870062204,-10.442309146612818
2023-01-11,385.65,491.03,275.51,289.39,116.63,187.18,46.97,0.0429,-105.38,-21.461010528888256,0,-4.796295656380662,0,0,0,0,-0.0274643389397487,0,-0.3001043063626881,-0.1695544554455446,-0.2442477876106195,0.3454448942658715,0.3746808699721143,-0.0274643389397487,119.64,46.97,72.67,-1.1721428571428578,-0.3001043063626881,-37.690992627417465,-17.081861868314927
2023-01-18,459.23,436.32,262.03,278.86,173.8,102.92,96.18,0.0285,22.910000000000025,5.250733406674007,0,-6.0352865237036655,0,0,0,0,-0.0903514244125599,0,1.04769001490313,0.4331694233348235,0.7004950495049505,0.4844427469127923,0.4367853762877843,-0.0903514244125599,119.64,46.97,72.67,2.271428571428572,1.04769001490313,68.86902448503693,14.667040954936258
2023-01-25,405.17,408.23,270.41,215.17,108.28,182.58,112.61,0.0374,-3.0600000000000023,-0.7495774440878922,0,25.672723892735995,0,0,0,0,-0.5591865731284966,0,0.1708255354543564,1.397487758143496,0.6779913574728058,0.4216075287410476,0.4217087157090738,-0.5591865731284966,119.64,46.97,72.67,4.634999999999999,0.1708255354543564,-40.694490086537414,-3.3041842163954405
2023-02-01,444.85,446.49,221.3,231.17,160.32,112.89,40.13,0.0134,-1.6399999999999864,-0.36730945821854605,0,-4.269585153782921,0,0,0,0,0.5848492399700971,1,-0.6436373323861113,-0.582761488875026,-0.1456248669363422,0.4617269965290327,0.4388449854642605,0.5848492399700971,119.64,40.13,79.50999999999999,-1.7042857142857148,-0.6436373323861113,42.01435025245814,7.402029236447625
2023-02-08,445.03,418.74,213.64,224.85,124.53,133.51,49.16,0.0307,26.289999999999964,6.278358886182348,0,-4.985545919501893,0,0,0,0,1.0002034174125307,1,0.2250186892599051,-0.5634490720184708,-0.48887502599293,0.4631835066526014,0.4193640163572238,1.0002034174125307,119.64,40.13,79.50999999999999,-4.444285714285715,0.2250186892599051,-6.726087933488121,0.16901678387493613
2023-02-15,430.37,431.84,201.45,274.39,138.93,174.35,45.68,0.0293,-1.4699999999999704,-0.34040385327898537,0,-26.582601406756805,0,0,0,0,0.4122154115586691,1,-0.0707892595606183,0.1383005232992773,-0.5943521889707841,0.4575639179640476,0.4204237210840346,0.4122154115586691,119.64,40.13,79.50999999999999,-5.282857142857144,-0.0707892595606183,-20.315457413249206,-9.515773305312797
2023-02-22,363.54,491.22,235.06,203.35,128.87,116.08,87.49,0.0098,-127.68,-25.992427018443877,0,15.593803786574876,0,0,0,0,-0.1487027088810149,0,0.915280210157618,0.7796989422294549,1.1801644654871666,0.5312354426046761,0.4580492507034118,-0.1487027088810149,119.64,40.13,79.50999999999999,2.855714285714284,0.915280210157618,11.018263266712617,-5.074557396720053
2023-03-01,475.3,407.92,258.99,256.99,135.57,181.8,49.64,0.0209,67.38,16.517944695038242,0,0.778240398459084,0,0,0,0,0.4093473005640611,1,-0.4326208709566806,0.0866900175131348,0.0097640358014647,0.5429279511302202,0.4737960385381387,0.4093473005640611,119.64,40.13,79.50999999999999,-1.7707142857142877,-0.4326208709566806,-25.429042904290437,1.677017376849026
2023-03-08,398.12,494.18,239.22,276.25,171.9,183.21,63.6,0.0525,-96.06,-19.438261362256668,0,-13.404524886877828,0,0,0,0,-0.3389937106918239,0,0.2812248186946011,-0.2730597782603725,0.3922942206654991,0.5411214582199396,0.468152194630798,-0.3389937106918239,119.64,40.13,79.50999999999999,-1.7835714285714297,0.2812248186946011,-6.1732438185688565,-11.690858285992004
2023-03-15,377.98,485.8,243.75,287.68,129.71,150.75,98.33,0.0681,-107.82,-22.19431864965006,0,-15.270439377085655,0,0,0,0,-0.0423065188650462,0,0.5460691823899371,0.9808622078968574,0.1238998742713453,0.5564363264629636,0.4754772926518072,-0.0423065188650462,119.64,40.13,79.50999999999999,1.9692857142857123,0.5460691823899371,-13.956882255389713,-14.723191786355098
2023-03-22,356.12,379.37,290.42,234.21,156.64,100.64,64.51,0.0098,-23.25,-6.12858159580357,0,23.999829213099357,0,0,0,0,-0.2057045419314835,0,-0.3439438625038136,0.0143081761006289,0.29955680902498,0.5607417787251562,0.4636953281172761,-0.2057045419314835,119.64,40.13,79.50999999999999,-1.8728571428571443,-0.3439438625038136,55.64387917329092,13.47730903895663
2023-03-29,438.63,360.4,234.83,282.13,147.61,128.7,74.48,0.0417,78.23000000000002,21.7064372918979,0,-16.765320951334488,0,0,0,0,-0.4296455424274973,0,0.1545496822198109,-0.2425505949354215,0.171069182389937,0.4689395658650555,0.4640425286279045,-0.4296455424274974,112.61,40.13,72.47999999999999,0.8807142857142846,0.1545496822198109,14.693084693084712,8.268127665109205
2023-04-05,451.63,365.12,251.4,211.06,166.37,161.69,69.96,0.0562,86.50999999999999,23.693580192813318,0,19.113048422249598,0,0,0,0,0.6010577472841626,1,-0.0606874328678841,0.0844830258874591,-0.2885182548560968,0.4696824256833251,0.4372142860749941,0.6010577472841625,112.61,40.13,72.47999999999999,0.957142857142855,-0.0606874328678841,2.8944276083864224,13.878927283252532
2023-04-12,352.49,352.73,278.37,284.65,193.68,198.12,42.04,0.0167,-0.2400000000000091,-0.06804071102543278,0,-2.2062181626558837,0,0,0,0,1.823977164605138,1,-0.3990851915380217,-0.4355531686358754,-0.3483180902185708,0.4341699614151982,0.436923654802688,1.823977164605138,112.61,40.13,72.47999999999999,-1.7907142857142873,-0.3990851915380217,-2.2410660205935784,-0.9166731210600656
2023-04-19,426.81,364.17,239.65,212.75,173.26,163.18,94.17,0.0799,62.639999999999986,17.20075788779965,0,12.643948296122213,0,0,0,0,-0.4443028565360518,0,1.2400095147478591,0.3460548885077188,0.2643662728249194,0.5691177188951605,0.5106024437010214,-0.4443028565360518,112.61,40.13,72.47999999999999,3.37142857142857,1.2400095147478591,6.177227601421733,10.644538334628649
2023-04-26,383.97,452.45,262.21,239.73,121.49,125.98,51.24,0.071,-68.47999999999996,-15.13537407448336,0,9.377216034705707,0,0,0,0,0.1855971896955503,1,-0.4558776680471488,0.2188392007611799,-0.2675814751286448,0.6003685629937103,0.5218181794824653,0.1855971896955504,112.61,40.13,72.47999999999999,-3.2100000000000017,-0.4558776680471488,-3.5640577869503165,-4.891517980242266
2023-05-03,446.78,360.68,286.24,279.73,103.12,163.4,42.48,0.0636,86.09999999999997,23.8715759121659,0,2.327244128266539,0,0,0,0,0.5955743879472695,1,-0.17096018735363,-0.5489009238611022,0.0104662226450997,0.5407181591701122,0.5231842761589027,0.5955743879472695,112.61,40.13,72.47999999999999,-5.009285714285716,-0.17096018735363,-36.89106487148103,2.6358662162234623
2023-05-10,376.15,397.85,294.95,214.99,126.23,154.0,112.01,0.0674,-21.700000000000045,-5.454316953625749,0,37.19242755476998,0,0,0,0,0.0669583072939916,1,1.6367702448210926,1.1859875097580015,0.1894446214293299,0.710755013209144,0.6198593151155679,0.0669583072939916,112.61,40.13,72.47999999999999,5.134285714285712,1.6367702448210926,-18.032467532467532,1.6502652230101895
2023-05-17,453.64,476.73,214.71,222.93,159.51,177.98,118.72,0.0715,-23.090000000000032,-4.843412413735244,0,-3.6872560893554023,0,0,0,0,-0.636455525606469,0,0.0599053655923578,1.794726930320151,1.3169398907103824,0.7128684628900009,0.6174296902501144,-0.636455525606469,118.72,40.13,78.59,4.968571428571427,0.0599053655923578,-10.377570513540848,-4.750330286073348
2023-05-24,408.01,353.49,292.66,272.23,105.14,110.7,52.33,0.0233,54.51999999999998,15.423350024045938,0,7.504683539653971,0,0,0,0,0.5797821517294096,1,-0.5592149595687332,-0.5328095705740559,0.2318738229755179,0.7419055497069313,0.6391082117756209,0.5797821517294095,118.72,40.13,78.59,0.4749999999999963,-0.5592149595687332,-5.022583559168927,6.665760005715384
2023-05-31,490.51,472.17,249.21,272.0,149.64,176.1,60.75,0.0431,18.339999999999975,3.8841942520702237,0,-8.378676470588232,0,0,0,0,0.8134979423868313,1,0.1609019682782342,-0.4882917789757413,-0.457637710918668,0.7245462702875878,0.6305796032710927,0.8134979423868314,118.72,40.13,78.59,-1.9100000000000024,0.1609019682782342,-15.025553662691657,-3.1271683258278884
2023-06-07,370.63,392.28,225.82,264.11,159.68,154.13,67.78,0.0663,-21.649999999999977,-5.519017028652998,0,-14.497747150808383,0,0,0,0,0.285039834759516,1,0.1157201646090535,0.2952417351423657,-0.429076819407008,0.7246865159832998,0.5953757620709492,0.285039834759516,118.72,40.13,78.59,1.2957142857142827,0.1157201646090535,3.6008564199052824,-4.38698495764182
2023-06-14,401.16,367.72,245.91,269.39,133.42,196.3,119.51,0.0179,33.44,9.09387577504623,0,-8.715987972827497,0,0,0,0,-0.3357041251778094,0,0.7632044850988493,0.9672427983539096,1.283776036690235,0.7438015065233026,0.6126029883054733,-0.3357041251778094,119.51,40.13,79.38,3.9935714285714257,0.7632044850988493,-32.03260315843098,-4.512167916233203
2023-06-21,367.02,454.51,298.0,254.27,177.09,134.19,43.16,0.0153,-87.49000000000001,-19.249301445512753,0,17.198253824674552,0,0,0,0,0.989805375347544,1,-0.6388586729144006,-0.3632339923281205,-0.2895473251028807,0.7700624803506475,0.6122787845229513,0.989805375347544,119.51,42.04,77.47,-3.940714285714289,-0.6388586729144006,31.969595349877046,2.1338492567052185
2023-06-28,488.7,444.34,249.26,225.18,110.66,163.26,82.67,0.0561,44.360000000000014,9.983346086330291,0,10.693667288391502,0,0,0,0,0.3481311237450102,1,0.9154309545875814,-0.3082587231194043,0.2196813219238713,0.7277433756447427,0.6358396452241603,0.3481311237450102,119.51,42.04,77.47,1.2971428571428538,0.9154309545875814,-32.21854710278084,-0.3116375283457504
2023-07-05,481.6,481.62,232.88,234.57,107.51,193.2,110.17,0.069,-0.0199999999999818,-0.004152651467958518,0,-0.7204672379247123,0,0,0,0,-0.623037124444041,0,0.3326478771017298,1.5525949953660798,-0.0781524558614342,0.6927414171975772,0.633765536047184,-0.623037124444041,119.51,42.04,77.47,2.5492857142857113,0.3326478771017298,-44.35300207039337,-9.016354922250802
2023-07-12,388.69,460.26,263.34,218.16,172.82,110.25,87.1,0.022,-71.57,-15.549906574544822,0,20.7095709570957,0,0,0,0,-0.211251435132032,0,-0.2094036489062358,0.0535865489294784,1.0180722891566267,0.6955094767629573,0.6169132281160112,-0.211251435132032,119.51,42.04,77.47,1.224285714285711,-0.2094036489062358,56.752834467120174,9.272518455025246
2023-07-19,449.0,470.52,224.01,290.85,149.55,193.72,79.39,0.0794,-21.519999999999985,-4.5736631811612645,0,-22.98091799896855,0,0,0,0,0.1859176218667339,1,-0.0885189437428243,-0.2793864028319869,-0.0396758195234063,0.502660393251673,0.6045785984248958,0.185917621866734,119.51,42.04,77.47,2.66785714285714,-0.0885189437428243,-22.800949824488946,-10.985838837156006
2023-07-26,472.58,392.31,207.59,258.34,168.84,168.79,85.88,0.019,80.26999999999998,20.46086003415666,0,-19.644654331501112,0,0,0,0,-0.4011411271541685,0,0.0817483310240583,-0.0140068886337543,-0.2204774439502587,0.5025858061013185,0.6041881097443428,-0.4011411271541686,119.51,42.04,77.47,-0.5921428571428606,0.0817483310240583,0.029622607974412803,4.261337668957325
2023-08-02,433.28,376.62,212.89,240.09,143.48,106.78,111.45,0.0698,56.65999999999997,15.044341776857301,0,-11.329084926485908,0,0,0,0,-0.5774786899955137,0,0.2977410340009316,0.4038291976319437,0.2795637198622274,0.4504425245821453,0.5982295007938631,-0.5774786899955137,119.51,42.04,77.47,4.300714285714283,0.2977410340009316,34.36973215958044,10.625866157361827
2023-08-09,429.45,462.59,212.8,246.2,124.64,130.1,41.53,0.0401,-33.139999999999986,-7.1640113275254516,0,-13.566206336311934,0,0,0,0,0.1769804960269685,1,-0.6273665320771646,-0.5164182580344667,-0.4768862577150774,0.5168802182637547,0.6134987960322486,0.1769804960269685,119.51,41.53,77.98,-0.067857142857145,-0.6273665320771646,-4.196771714066099,-6.418200141085787
2023-08-16,386.28,471.03,215.19,294.73,181.91,170.82,68.7,0.0353,-84.75,-17.992484555123877,0,-26.9874122077834,0,0,0,0,-0.3282387190684134,0,0.6542258608235012,-0.3835800807537012,-0.2000465766185374,0.5465666866871347,0.6247326355348392,-0.3282387190684134,119.51,41.53,77.98,-3.09357142857143,0.6542258608235012,6.492214026460603,-11.296033458314112
2023-08-23,363.97,498.58,213.88,215.34,179.94,106.74,94.15,0.0194,-134.60999999999996,-26.99867624052308,0,-0.6779975852140838,0,0,0,0,-0.3242697822623474,0,0.3704512372634643,1.2670358776787864,-0.155226558995065,0.5103664910459724,0.6244306111389454,-0.3242697822623474,119.51,41.53,77.98,-1.7550000000000014,0.3704512372634643,68.57785272625071,2.7805005319980953
2023-08-30,484.58,411.89,264.09,258.62,169.47,158.22,51.43,0.0591,72.69,17.647915705649567,0,2.1150723068594734,0,0,0,0,0.2778533929613066,1,-0.4537440254912374,-0.2513828238719069,0.2383818926077534,0.4828500495524703,0.627184260242332,0.2778533929613065,119.51,41.53,77.98,-0.0642857142857162,-0.4537440254912374,7.1103526734926055,8.904251278330243
2023-09-06,485.06,405.8,218.19,250.59,127.21,134.59,47.09,0.0243,79.25999999999999,19.53178905864958,0,-12.929486412067522,0,0,0,0,0.95009556169038,1,-0.0843865448181994,-0.4998406797663303,-0.3145560407569141,0.3974973435012558,0.5762500773138988,0.95009556169038,119.51,41.53,77.98,-0.9757142857142876,-0.0843865448181994,-5.4833197117170736,4.130154398702912
2023-09-13,444.97,466.46,234.57,261.15,159.02,162.09,48.88,0.0151,-21.489999999999952,-4.6070402606868655,0,-10.178058587018949,0,0,0,0,-0.0642389525368248,0,0.0380123168400934,-0.0495819560567761,-0.4808284652150822,0.3830081105117612,0.5613379478941465,-0.0642389525368248,119.51,41.53,77.98,-1.350000000000002,0.0380123168400934,-1.8940095008945605,-4.257229721857448
2023-09-20,400.85,401.12,289.68,201.81,136.1,104.57,46.15,0.0711,-0.2699999999999818,-0.06731152772237281,0,43.54095436301472,0,0,0,0,0.7683640303358613,1,-0.0558510638297873,-0.019961775323848,-0.1026638148940307,0.3768024603985352,0.5586766393901413,0.7683640303358614,119.51,41.53,77.98,-5.240000000000002,-0.0558510638297873,30.152051257530843,14.711676513020164
2023-09-27,402.38,489.61,247.4,287.21,109.16,187.15,63.62,0.0634,-87.23000000000002,-17.816221073915976,0,-13.860937989624308,0,0,0,0,0.7683640303358613,0,0.3785482123510293,0.3015548281505726,0.3510299426629857,0.3914515910499514,0.4386763920839317,0.2827727129833386,119.51,41.53,77.98,1.4614285714285689,0.3785482123510293,-41.672455249799626,-18.233167077451178
2023-10-04,458.89,478.76,266.76,293.21,191.73,197.35,65.72,0.0132,-19.870000000000005,-4.150304954465704,0,-9.020838307015447,0,0,0,0,0.7683640303358613,0,0.0330084878968877,0.4240520043336944,0.3445171849427166,0.3914532855099063,0.4387584490109617,0.2417833231892878,119.51,41.53,77.98,-1.2107142857142883,0.0330084878968877,-2.8477324550291385,-4.033836134195199
2023-10-11,484.57,414.35,217.23,256.51,113.68,196.89,91.83,0.0126,70.21999999999997,16.9470254615663,0,-15.313243148415268,0,0,0,0,0.7683640303358613,0,0.3972915398660985,0.4434140207481925,0.9898158179848322,0.3994937920206565,0.4180663273893715,-0.1112926059022105,119.51,41.53,77.98,-1.3100000000000027,0.3972915398660985,-42.26217685001777,-4.736273815060087
2023-10-18,483.06,462.63,219.23,269.67,195.02,174.97,45.74,0.0206,20.430000000000007,4.416056027494976,0,-18.704342344346802,0,0,0,0,0.7683640303358613,0,-0.5019056953065446,-0.304017041996348,-0.2810436969506443,0.3766503631510279,0.4402550254583071,0.7842151289899431,119.51,41.53,77.98,-2.9542857142857164,-0.5019056953065446,11.459107275532956,0.31737539723522135
2023-10-25,466.98,463.18,204.09,292.25,144.6,113.01,81.61,0.0369,3.8000000000000114,0.8204153892655148,0,-30.16595380667237,0,0,0,0,0.7683640303358613,0,0.7842151289899431,-0.1112926059022105,0.2417833231892878,0.4002660769903757,0.4671907123206006,0.0,119.51,41.53,77.98,0.1585714285714259,0.7842151289899431,27.953278470931764,-0.11436891144191552
