date,close,future_return_5d,signal,ret_1d,vol,signal_eff,raw_trade_ret,sl,tp,clipped_ret,effective_ret,strategy_return,equity,phase
2020-06-24,109.66,-0.48504468356739,0,1.0169210961927533,0.4822464735230853,1.0,-0.48504468356739,0.4822464735230853,0.9644929470461706,-0.4822464735230853,-0.4872464735230853,-0.009744929470461707,0.9902550705295383,1
2020-07-01,117.55,-0.5766056997022544,0,0.0719496625934708,0.47535484695891767,0.0,-0.0,0.47535484695891767,0.9507096939178353,-0.0,0.0,0.0,0.9902550705295383,1
2020-07-08,76.3,0.5587155963302755,0,-0.35091450446618466,0.4836202306874442,0.0,0.0,0.4836202306874442,0.9672404613748884,0.0,0.0,0.0,0.9902550705295383,1
2020-07-15,74.47,0.0910433731704041,1,-0.023984272608125745,0.4723633011086548,0.0,0.0,0.4723633011086548,0.9447266022173096,0.0,0.0,0.0,0.9902550705295383,1
2020-07-22,98.91,-0.4323122030128399,0,0.32818584664965766,0.47140073866409526,1.0,-0.4323122030128399,0.47140073866409526,0.9428014773281905,-0.4323122030128399,-0.4373122030128399,-0.008746244060256798,0.9815940580007801,1
2020-07-29,56.47,-0.0407295909332388,0,-0.42907693863107876,0.4844223752280355,0.0,-0.0,0.4844223752280355,0.968844750456071,-0.0,0.0,0.0,0.9815940580007801,1
2020-08-05,49.77,1.2003214788024916,0,-0.11864706924030455,0.484266965089699,0.0,0.0,0.484266965089699,0.968533930179398,0.0,0.0,0.0,0.9815940580007801,1
2020-08-12,118.93,-0.2204658202303877,0,1.3895921237693392,0.5543725228112049,0.0,-0.0,0.5543725228112049,1.1087450456224097,-0.0,0.0,0.0,0.9815940580007801,1
2020-08-19,81.25,0.4543999999999999,1,-0.31682502312284544,0.5576091715508994,0.0,0.0,0.5576091715508994,1.1152183431017988,0.0,0.0,0.0,0.9815940580007801,1
2020-08-26,56.15,0.2881567230632236,1,-0.30892307692307697,0.5434683656594551,1.0,0.2881567230632236,0.5434683656594551,1.0869367313189102,0.2881567230632236,0.2831567230632236,0.005663134461264472,0.9871529571376169,1
2020-09-02,54.17,0.9462802289089902,1,-0.0352626892252893,0.5432425966302981,1.0,0.9462802289089902,0.5432425966302981,1.0864851932605961,0.9462802289089902,0.9412802289089902,0.018825604578179805,1.0057367083668705,1
2020-09-09,109.51,-0.1266550999908684,0,1.0215986708510245,0.57766633821655,1.0,-0.1266550999908684,0.57766633821655,1.1553326764331,-0.1266550999908684,-0.1316550999908684,-0.0026331019998173683,1.00308850102878,1
2020-09-16,92.71,-0.0477834106353143,0,-0.15341064742945865,0.5647472877772005,0.0,-0.0,0.5647472877772005,1.129494575554401,-0.0,0.0,0.0,1.00308850102878,1
2020-09-23,118.17,-0.3371414064483371,0,0.2746197821162766,0.565260902917727,0.0,-0.0,0.565260902917727,1.130521805835454,-0.0,0.0,0.0,1.00308850102878,1
2020-09-30,72.33,0.2253560071892713,0,-0.3879157146483879,0.5206163317287988,0.0,0.0,0.5206163317287988,1.0412326634575977,0.0,0.0,0.0,1.00308850102878,1
2020-10-07,105.43,-0.6148155174049132,0,0.45762477533526913,0.5095366745540022,0.0,-0.0,0.5095366745540022,1.0190733491080044,-0.0,0.0,0.0,1.00308850102878,1
2020-10-14,95.64,-0.2876411543287328,0,-0.09285782035473777,0.5116681787510378,0.0,-0.0,0.5116681787510378,1.0233363575020755,-0.0,0.0,0.0,1.00308850102878,1
2020-10-21,88.28,-0.0583371091980063,0,-0.07695524884985361,0.5132718954290517,0.0,-0.0,0.5132718954290517,1.0265437908581034,-0.0,0.0,0.0,1.00308850102878,1
2020-10-28,78.33,-0.3043533767394356,0,-0.1127095604893521,0.5081505342005335,0.0,-0.0,0.5081505342005335,1.016301068401067,-0.0,0.0,0.0,1.00308850102878,1
2020-11-04,88.63,-0.3170484034751212,0,0.1314949572322226,0.5069536297524695,0.0,-0.0,0.5069536297524695,1.013907259504939,-0.0,0.0,0.0,1.00308850102878,1
2020-11-11,40.61,1.859147993105147,0,-0.5418030012411148,0.4799709314251802,0.0,0.0,0.4799709314251802,0.9599418628503604,0.0,0.0,0.0,1.00308850102878,1
2020-11-18,68.13,0.0697196536034052,1,0.6776655996060084,0.5009894136855725,0.0,0.0,0.5009894136855725,1.001978827371145,0.0,0.0,0.0,1.00308850102878,1
2020-11-25,83.13,0.272825694695056,1,0.22016732716864817,0.49213840967425004,1.0,0.272825694695056,0.49213840967425004,0.9842768193485001,0.272825694695056,0.267825694695056,0.00535651389390112,1.0084615585213532,1
2020-12-02,54.49,-0.0192695907505965,0,-0.3445206303380247,0.501354515587711,1.0,-0.0192695907505965,0.501354515587711,1.002709031175422,-0.0192695907505965,-0.024269590750596502,-0.00048539181501193007,1.0079720595350927,1
2020-12-09,60.53,0.4632413679167353,1,0.1108460267939071,0.49801573545955563,0.0,0.0,0.49801573545955563,0.9960314709191113,0.0,0.0,0.0,1.0079720595350927,1
2020-12-16,116.11,-0.5614503488071656,0,0.9182223690731868,0.5179296907358757,1.0,-0.5614503488071656,0.5179296907358757,1.0358593814717514,-0.5179296907358757,-0.5229296907358757,-0.010458593814717514,0.9974300891878309,1
2020-12-23,72.88,-0.3102360043907792,0,-0.37231935233829994,0.5275013180550124,0.0,-0.0,0.5275013180550124,1.0550026361100249,-0.0,0.0,0.0,0.9974300891878309,1
2020-12-30,105.81,0.054153671675645,0,0.4518386388583975,0.4440630954370469,0.0,0.0,0.4440630954370469,0.8881261908740938,0.0,0.0,0.0,0.9974300891878309,1
2021-01-06,53.44,-0.1502619760479042,0,-0.49494376712976096,0.45403094275328376,0.0,-0.0,0.45403094275328376,0.9080618855065675,-0.0,0.0,0.0,0.9974300891878309,1
2021-01-13,88.57,-0.2553912159873546,0,0.657372754491018,0.4632287093667698,0.0,-0.0,0.4632287093667698,0.9264574187335396,-0.0,0.0,0.0,0.9974300891878309,1
2021-01-20,50.92,0.5164964650432049,0,-0.425087501411313,0.47787328003326934,0.0,0.0,0.47787328003326934,0.9557465600665387,0.0,0.0,0.0,0.9974300891878309,1
2021-01-27,50.27,0.6484981102048935,1,-0.012765121759622855,0.42552661948001486,0.0,0.0,0.42552661948001486,0.8510532389600297,0.0,0.0,0.0,0.9974300891878309,1
2021-02-03,111.54,0.0235789851174466,1,1.2188183807439823,0.49666442900841584,1.0,0.0235789851174466,0.49666442900841584,0.9933288580168317,0.0235789851174466,0.0185789851174466,0.000371579702348932,0.9978007139634852,1
2021-02-10,45.41,1.3642369522131692,1,-0.5928814774968622,0.5191631481419569,1.0,1.3642369522131692,0.5191631481419569,1.0383262962839137,1.0383262962839137,1.0333262962839138,0.020666525925678275,1.018421788287272,1
2021-02-17,65.95,0.5551175132676269,1,0.45232327681127527,0.5141759416388725,1.0,0.5551175132676269,0.5141759416388725,1.028351883277745,0.5551175132676269,0.5501175132676269,0.011002350265352538,1.0296268215198752,1
2021-02-24,77.22,0.4887334887334886,1,0.17088703563305518,0.5079764372288708,1.0,0.4887334887334886,0.5079764372288708,1.0159528744577415,0.4887334887334886,0.4837334887334886,0.009674669774669771,1.0395881210092228,1
2021-03-03,82.87,0.3702184143839748,1,0.07316757316757316,0.5060610820676428,1.0,0.3702184143839748,0.5060610820676428,1.0121221641352856,0.3702184143839748,0.3652184143839748,0.007304368287679496,1.0471816555125708,1
2021-03-10,114.17,-0.0768152754664096,0,0.377700012067093,0.5076457344757493,1.0,-0.0768152754664096,0.5076457344757493,1.0152914689514987,-0.0768152754664096,-0.0818152754664096,-0.001636305509328192,1.0454681464003883,1
2021-03-17,107.36,-0.5671572280178838,0,-0.05964789349216082,0.5064578266909332,0.0,-0.0,0.5064578266909332,1.0129156533818664,-0.0,0.0,0.0,1.0454681464003883,1
2021-03-24,102.56,0.0315912636505459,0,-0.04470938897168397,0.5079759198993505,0.0,0.0,0.5079759198993505,1.015951839798701,0.0,0.0,0.0,1.0454681464003883,1
2021-03-31,114.96,-0.5303583855254002,0,0.12090483619344772,0.48341640182005474,0.0,-0.0,0.48341640182005474,0.9668328036401095,-0.0,0.0,0.0,1.0454681464003883,1
2021-04-07,113.55,-0.5525319242624394,0,-0.012265135699373708,0.46855571247404665,0.0,-0.0,0.46855571247404665,0.9371114249480933,-0.0,0.0,0.0,1.0454681464003883,1
2021-04-14,105.4,-0.2869070208728653,0,-0.07177454865697919,0.4698381476971736,0.0,-0.0,0.4698381476971736,0.9396762953943472,-0.0,0.0,0.0,1.0454681464003883,1
2021-04-21,46.47,-0.0335700451904454,0,-0.5591081593927894,0.4829368746649049,0.0,-0.0,0.4829368746649049,0.9658737493298098,-0.0,0.0,0.0,1.0454681464003883,1
2021-04-28,105.8,0.1218336483931947,0,1.2767376802238002,0.5505429456791047,0.0,0.0,0.5505429456791047,1.1010858913582093,0.0,0.0,0.0,1.0454681464003883,1
2021-05-05,53.99,-0.1668827560659382,0,-0.4896975425330813,0.5374888887322263,0.0,-0.0,0.5374888887322263,1.0749777774644527,-0.0,0.0,0.0,1.0454681464003883,1
2021-05-12,50.81,0.6170045266679787,1,-0.05889979625856634,0.5279930939580434,0.0,0.0,0.5279930939580434,1.0559861879160868,0.0,0.0,0.0,1.0454681464003883,1
2021-05-19,75.16,-0.02700904736562,0,0.47923637079315085,0.5289915958457327,1.0,-0.02700904736562,0.5289915958457327,1.0579831916914655,-0.02700904736562,-0.03200904736562,-0.0006401809473124,1.0447988576120408,1
2021-05-26,44.91,-0.0750389668225338,0,-0.4024747205960617,0.523895111038354,0.0,-0.0,0.523895111038354,1.047790222076708,-0.0,0.0,0.0,1.0447988576120408,1
2021-06-02,118.69,-0.5003791389333558,0,1.642841238031619,0.6167124835442608,0.0,-0.0,0.6167124835442608,1.2334249670885216,-0.0,0.0,0.0,1.0447988576120408,1
2021-06-09,44.98,0.6974210760337929,0,-0.6210295728368018,0.6278545364843358,0.0,0.0,0.6278545364843358,1.2557090729686715,0.0,0.0,0.0,1.0447988576120408,1
2021-06-16,82.16,-0.0496592015579356,0,0.8265895953757225,0.6446269616981033,0.0,-0.0,0.6446269616981033,1.2892539233962066,-0.0,0.0,0.0,1.0447988576120408,1
2021-06-23,73.13,0.4077669902912622,1,-0.10990749756572549,0.5995085223182184,0.0,0.0,0.5995085223182184,1.1990170446364368,0.0,0.0,0.0,1.0447988576120408,1
2021-06-30,41.54,1.6995666827154552,1,-0.43197046355804725,0.590450674666068,1.0,1.6995666827154552,0.590450674666068,1.180901349332136,1.180901349332136,1.1759013493321362,0.023518026986642723,1.0693704653409741,1
2021-07-07,59.3,-0.2355817875210792,0,0.42753972075108315,0.5897596750169156,1.0,-0.2355817875210792,0.5897596750169156,1.1795193500338312,-0.2355817875210792,-0.2405817875210792,-0.004811635750421584,1.0642250441794945,1
2020-10-07,105.43,-0.6148155174049132,0,0.45762477533526913,0.5095366745540022,0.0,-0.0,0.5095366745540022,1.0190733491080044,-0.0,0.0,0.0,1.0,2
2020-10-14,95.64,-0.2876411543287328,0,-0.09285782035473777,0.5116681787510378,0.0,-0.0,0.5116681787510378,1.0233363575020755,-0.0,0.0,0.0,1.0,2
2020-10-21,88.28,-0.0583371091980063,0,-0.07695524884985361,0.5132718954290517,0.0,-0.0,0.5132718954290517,1.0265437908581034,-0.0,0.0,0.0,1.0,2
2020-10-28,78.33,-0.3043533767394356,0,-0.1127095604893521,0.5081505342005335,0.0,-0.0,0.5081505342005335,1.016301068401067,-0.0,0.0,0.0,1.0,2
2020-11-04,88.63,-0.3170484034751212,0,0.1314949572322226,0.5069536297524695,0.0,-0.0,0.5069536297524695,1.013907259504939,-0.0,0.0,0.0,1.0,2
2020-11-11,40.61,1.859147993105147,0,-0.5418030012411148,0.4799709314251802,0.0,0.0,0.4799709314251802,0.9599418628503604,0.0,0.0,0.0,1.0,2
2020-11-18,68.13,0.0697196536034052,1,0.6776655996060084,0.5009894136855725,0.0,0.0,0.5009894136855725,1.001978827371145,0.0,0.0,0.0,1.0,2
2020-11-25,83.13,0.272825694695056,1,0.22016732716864817,0.49213840967425004,1.0,0.272825694695056,0.49213840967425004,0.9842768193485001,0.272825694695056,0.267825694695056,0.00535651389390112,1.0053565138939011,2
2020-12-02,54.49,-0.0192695907505965,0,-0.3445206303380247,0.501354515587711,1.0,-0.0192695907505965,0.501354515587711,1.002709031175422,-0.0192695907505965,-0.024269590750596502,-0.00048539181501193007,1.0048685220708882,2
2020-12-09,60.53,0.4632413679167353,1,0.1108460267939071,0.49801573545955563,0.0,0.0,0.49801573545955563,0.9960314709191113,0.0,0.0,0.0,1.0048685220708882,2
2020-12-16,116.11,-0.5614503488071656,0,0.9182223690731868,0.5179296907358757,1.0,-0.5614503488071656,0.5179296907358757,1.0358593814717514,-0.5179296907358757,-0.5229296907358757,-0.010458593814717514,0.9943590103613533,2
2020-12-23,72.88,-0.3102360043907792,0,-0.37231935233829994,0.5275013180550124,0.0,-0.0,0.5275013180550124,1.0550026361100249,-0.0,0.0,0.0,0.9943590103613533,2
2020-12-30,105.81,0.054153671675645,0,0.4518386388583975,0.4440630954370469,0.0,0.0,0.4440630954370469,0.8881261908740938,0.0,0.0,0.0,0.9943590103613533,2
2021-01-06,53.44,-0.1502619760479042,0,-0.49494376712976096,0.45403094275328376,0.0,-0.0,0.45403094275328376,0.9080618855065675,-0.0,0.0,0.0,0.9943590103613533,2
2021-01-13,88.57,-0.2553912159873546,0,0.657372754491018,0.4632287093667698,0.0,-0.0,0.4632287093667698,0.9264574187335396,-0.0,0.0,0.0,0.9943590103613533,2
2021-01-20,50.92,0.5164964650432049,0,-0.425087501411313,0.47787328003326934,0.0,0.0,0.47787328003326934,0.9557465600665387,0.0,0.0,0.0,0.9943590103613533,2
2021-01-27,50.27,0.6484981102048935,1,-0.012765121759622855,0.42552661948001486,0.0,0.0,0.42552661948001486,0.8510532389600297,0.0,0.0,0.0,0.9943590103613533,2
2021-02-03,111.54,0.0235789851174466,1,1.2188183807439823,0.49666442900841584,1.0,0.0235789851174466,0.49666442900841584,0.9933288580168317,0.0235789851174466,0.0185789851174466,0.000371579702348932,0.9947284939864514,2
2021-02-10,45.41,1.3642369522131692,1,-0.5928814774968622,0.5191631481419569,1.0,1.3642369522131692,0.5191631481419569,1.0383262962839137,1.0383262962839137,1.0333262962839138,0.020666525925678275,1.015286076196433,2
2021-02-17,65.95,0.5551175132676269,1,0.45232327681127527,0.5141759416388725,1.0,0.5551175132676269,0.5141759416388725,1.028351883277745,0.5551175132676269,0.5501175132676269,0.011002350265352538,1.0264566092262815,2
2021-02-24,77.22,0.4887334887334886,1,0.17088703563305518,0.5079764372288708,1.0,0.4887334887334886,0.5079764372288708,1.0159528744577415,0.4887334887334886,0.4837334887334886,0.009674669774669771,1.0363872379585728,2
2021-03-03,82.87,0.3702184143839748,1,0.07316757316757316,0.5060610820676428,1.0,0.3702184143839748,0.5060610820676428,1.0121221641352856,0.3702184143839748,0.3652184143839748,0.007304368287679496,1.043957392033273,2
2021-03-10,114.17,-0.0768152754664096,0,0.377700012067093,0.5076457344757493,1.0,-0.0768152754664096,0.5076457344757493,1.0152914689514987,-0.0768152754664096,-0.0818152754664096,-0.001636305509328192,1.042249158801185,2
2021-03-17,107.36,-0.5671572280178838,0,-0.05964789349216082,0.5064578266909332,0.0,-0.0,0.5064578266909332,1.0129156533818664,-0.0,0.0,0.0,1.042249158801185,2
2021-03-24,102.56,0.0315912636505459,0,-0.04470938897168397,0.5079759198993504,0.0,0.0,0.5079759198993504,1.0159518397987009,0.0,0.0,0.0,1.042249158801185,2
2021-03-31,114.96,-0.5303583855254002,0,0.12090483619344772,0.48341640182005474,0.0,-0.0,0.48341640182005474,0.9668328036401095,-0.0,0.0,0.0,1.042249158801185,2
2021-04-07,113.55,-0.5525319242624394,0,-0.012265135699373708,0.46855571247404665,0.0,-0.0,0.46855571247404665,0.9371114249480933,-0.0,0.0,0.0,1.042249158801185,2
2021-04-14,105.4,-0.2869070208728653,0,-0.07177454865697919,0.4698381476971735,0.0,-0.0,0.4698381476971735,0.939676295394347,-0.0,0.0,0.0,1.042249158801185,2
2021-04-21,46.47,-0.0335700451904454,0,-0.5591081593927894,0.48293687466490487,0.0,-0.0,0.48293687466490487,0.9658737493298097,-0.0,0.0,0.0,1.042249158801185,2
2021-04-28,105.8,0.1218336483931947,0,1.2767376802238002,0.5505429456791046,0.0,0.0,0.5505429456791046,1.1010858913582091,0.0,0.0,0.0,1.042249158801185,2
2021-05-05,53.99,-0.1668827560659382,0,-0.4896975425330813,0.5374888887322263,0.0,-0.0,0.5374888887322263,1.0749777774644527,-0.0,0.0,0.0,1.042249158801185,2
2021-05-12,50.81,0.6170045266679787,1,-0.05889979625856634,0.5279930939580433,0.0,0.0,0.5279930939580433,1.0559861879160866,0.0,0.0,0.0,1.042249158801185,2
2021-05-19,75.16,-0.02700904736562,0,0.47923637079315085,0.5289915958457327,1.0,-0.02700904736562,0.5289915958457327,1.0579831916914655,-0.02700904736562,-0.03200904736562,-0.0006401809473124,1.0415819307473682,2
2021-05-26,44.91,-0.0750389668225338,0,-0.4024747205960617,0.523895111038354,0.0,-0.0,0.523895111038354,1.047790222076708,-0.0,0.0,0.0,1.0415819307473682,2
2021-06-02,118.69,-0.5003791389333558,0,1.642841238031619,0.6167124835442607,0.0,-0.0,0.6167124835442607,1.2334249670885213,-0.0,0.0,0.0,1.0415819307473682,2
2021-06-09,44.98,0.6974210760337929,0,-0.6210295728368018,0.6278545364843356,0.0,0.0,0.6278545364843356,1.2557090729686713,0.0,0.0,0.0,1.0415819307473682,2
2021-06-16,82.16,-0.0496592015579356,0,0.8265895953757225,0.6446269616981032,0.0,-0.0,0.6446269616981032,1.2892539233962064,-0.0,0.0,0.0,1.0415819307473682,2
2021-06-23,73.13,0.4077669902912622,1,-0.10990749756572549,0.5995085223182183,0.0,0.0,0.5995085223182183,1.1990170446364365,0.0,0.0,0.0,1.0415819307473682,2
2021-06-30,41.54,1.6995666827154552,1,-0.43197046355804725,0.590450674666068,1.0,1.6995666827154552,0.590450674666068,1.180901349332136,1.180901349332136,1.1759013493321362,0.023518026986642723,1.066077882703484,2
2021-07-07,59.3,-0.2355817875210792,0,0.42753972075108315,0.5897596750169155,1.0,-0.2355817875210792,0.5897596750169155,1.179519350033831,-0.2355817875210792,-0.2405817875210792,-0.004811635750421584,1.0609483042503343,2
2021-07-14,76.35,-0.3872953503601832,0,0.28752107925801007,0.5907952878029071,0.0,-0.0,0.5907952878029071,1.1815905756058143,-0.0,0.0,0.0,1.0609483042503343,2
2021-07-21,78.08,-0.1257684426229507,0,0.022658808120497698,0.591170265293021,0.0,-0.0,0.591170265293021,1.182340530586042,-0.0,0.0,0.0,1.0609483042503343,2
2021-07-28,102.95,-0.535016998542982,0,0.31851946721311486,0.5900122207986578,0.0,-0.0,0.5900122207986578,1.1800244415973156,-0.0,0.0,0.0,1.0609483042503343,2
2021-08-04,112.14,-0.4324950954164437,0,0.08926663428848958,0.5884697256181859,0.0,-0.0,0.5884697256181859,1.1769394512363718,-0.0,0.0,0.0,1.0609483042503343,2
2021-08-11,45.33,1.249503639973527,0,-0.595773140716961,0.6098159279824249,0.0,0.0,0.6098159279824249,1.2196318559648498,0.0,0.0,0.0,1.0609483042503343,2
2021-08-18,46.78,1.5309961522017956,1,0.03198764615045224,0.6100328895792272,0.0,0.0,0.6100328895792272,1.2200657791584544,0.0,0.0,0.0,1.0609483042503343,2
2021-08-25,68.26,-0.017579841781424,0,0.4591705857203934,0.6144570902570893,1.0,-0.017579841781424,0.6144570902570893,1.2289141805141786,-0.017579841781424,-0.022579841781424,-0.00045159683562848006,1.0604691833533695,2
2021-09-01,47.87,1.4117401295174434,1,-0.29871081160269564,0.6203697889704375,0.0,0.0,0.6203697889704375,1.240739577940875,0.0,0.0,0.0,1.0604691833533695,2
2021-09-08,63.64,0.6543054682589566,1,0.32943388343430136,0.6010906102084795,1.0,0.6543054682589566,0.6010906102084795,1.202181220416959,0.6543054682589566,0.6493054682589566,0.012986109365179133,1.0742405521467986,2
2021-09-15,101.97,0.0528586839266451,1,0.602294154619736,0.5520069587962066,1.0,0.0528586839266451,0.5520069587962066,1.1040139175924133,0.0528586839266451,0.0478586839266451,0.000957173678532902,1.0752687869277262,2
2021-09-22,118.4,-0.0288006756756757,0,0.1611258213199962,0.5326812020851514,1.0,-0.0288006756756757,0.5326812020851514,1.0653624041703027,-0.0288006756756757,-0.0338006756756757,-0.000676013513513514,1.0745418906971038,2
2021-09-29,67.06,0.1999701759618251,1,-0.4336148648648649,0.5471051224278981,0.0,0.0,0.5471051224278981,1.0942102448557962,0.0,0.0,0.0,1.0745418906971038,2
2021-10-06,115.45,-0.2620181896925075,0,0.7215926036385327,0.5576151667035,1.0,-0.2620181896925075,0.5576151667035,1.115230333407,-0.2620181896925075,-0.2670181896925075,-0.00534036379385015,1.0688034460890496,2
2021-10-13,105.28,-0.6129369300911854,0,-0.08809008228670423,0.5454802212588408,0.0,-0.0,0.5454802212588408,1.0909604425176815,-0.0,0.0,0.0,1.0688034460890496,2
2021-10-20,107.36,-0.4754098360655737,0,0.019756838905774954,0.4208707957850505,0.0,-0.0,0.4208707957850505,0.841741591570101,-0.0,0.0,0.0,1.0688034460890496,2
2021-01-20,50.92,0.5164964650432049,0,-0.425087501411313,0.47787328003326934,0.0,0.0,0.47787328003326934,0.9557465600665387,0.0,0.0,0.0,1.0,3
2021-01-27,50.27,0.6484981102048935,1,-0.012765121759622855,0.42552661948001486,0.0,0.0,0.42552661948001486,0.8510532389600297,0.0,0.0,0.0,1.0,3
2021-02-03,111.54,0.0235789851174466,1,1.2188183807439823,0.49666442900841584,1.0,0.0235789851174466,0.49666442900841584,0.9933288580168317,0.0235789851174466,0.0185789851174466,0.000371579702348932,1.000371579702349,3
2021-02-10,45.41,1.3642369522131692,1,-0.5928814774968622,0.5191631481419569,1.0,1.3642369522131692,0.5191631481419569,1.0383262962839137,1.0383262962839137,1.0333262962839138,0.020666525925678275,1.021045784889579,3
2021-02-17,65.95,0.5551175132676269,1,0.45232327681127527,0.5141759416388725,1.0,0.5551175132676269,0.5141759416388725,1.028351883277745,0.5551175132676269,0.5501175132676269,0.011002350265352538,1.0322796882518959,3
2021-02-24,77.22,0.4887334887334886,1,0.17088703563305518,0.5079764372288708,1.0,0.4887334887334886,0.5079764372288708,1.0159528744577415,0.4887334887334886,0.4837334887334886,0.009674669774669771,1.042266653350832,3
2021-03-03,82.87,0.3702184143839748,1,0.07316757316757316,0.5060610820676428,1.0,0.3702184143839748,0.5060610820676428,1.0121221641352856,0.3702184143839748,0.3652184143839748,0.007304368287679496,1.0498797528408736,3
2021-03-10,114.17,-0.0768152754664096,0,0.377700012067093,0.5076457344757493,1.0,-0.0768152754664096,0.5076457344757493,1.0152914689514987,-0.0768152754664096,-0.0818152754664096,-0.001636305509328192,1.0481618288171681,3
2021-03-17,107.36,-0.5671572280178838,0,-0.05964789349216082,0.5064578266909332,0.0,-0.0,0.5064578266909332,1.0129156533818664,-0.0,0.0,0.0,1.0481618288171681,3
2021-03-24,102.56,0.0315912636505459,0,-0.04470938897168397,0.5079759198993504,0.0,0.0,0.5079759198993504,1.0159518397987009,0.0,0.0,0.0,1.0481618288171681,3
2021-03-31,114.96,-0.5303583855254002,0,0.12090483619344772,0.48341640182005474,0.0,-0.0,0.48341640182005474,0.9668328036401095,-0.0,0.0,0.0,1.0481618288171681,3
2021-04-07,113.55,-0.5525319242624394,0,-0.012265135699373708,0.46855571247404665,0.0,-0.0,0.46855571247404665,0.9371114249480933,-0.0,0.0,0.0,1.0481618288171681,3
2021-04-14,105.4,-0.2869070208728653,0,-0.07177454865697919,0.4698381476971735,0.0,-0.0,0.4698381476971735,0.939676295394347,-0.0,0.0,0.0,1.0481618288171681,3
2021-04-21,46.47,-0.0335700451904454,0,-0.5591081593927894,0.48293687466490487,0.0,-0.0,0.48293687466490487,0.9658737493298097,-0.0,0.0,0.0,1.0481618288171681,3
2021-04-28,105.8,0.1218336483931947,0,1.2767376802238002,0.5505429456791046,0.0,0.0,0.5505429456791046,1.1010858913582091,0.0,0.0,0.0,1.0481618288171681,3
2021-05-05,53.99,-0.1668827560659382,0,-0.4896975425330813,0.5374888887322263,0.0,-0.0,0.5374888887322263,1.0749777774644527,-0.0,0.0,0.0,1.0481618288171681,3
2021-05-12,50.81,0.6170045266679787,1,-0.05889979625856634,0.5279930939580433,0.0,0.0,0.5279930939580433,1.0559861879160866,0.0,0.0,0.0,1.0481618288171681,3
2021-05-19,75.16,-0.02700904736562,0,0.47923637079315085,0.5289915958457327,1.0,-0.02700904736562,0.5289915958457327,1.0579831916914655,-0.02700904736562,-0.03200904736562,-0.0006401809473124,1.0474908155846592,3
2021-05-26,44.91,-0.0750389668225338,0,-0.4024747205960617,0.523895111038354,0.0,-0.0,0.523895111038354,1.047790222076708,-0.0,0.0,0.0,1.0474908155846592,3
2021-06-02,118.69,-0.5003791389333558,0,1.642841238031619,0.6167124835442607,0.0,-0.0,0.6167124835442607,1.2334249670885213,-0.0,0.0,0.0,1.0474908155846592,3
2021-06-09,44.98,0.6974210760337929,0,-0.6210295728368018,0.6278545364843356,0.0,0.0,0.6278545364843356,1.2557090729686713,0.0,0.0,0.0,1.0474908155846592,3
2021-06-16,82.16,-0.0496592015579356,0,0.8265895953757225,0.6446269616981032,0.0,-0.0,0.6446269616981032,1.2892539233962064,-0.0,0.0,0.0,1.0474908155846592,3
2021-06-23,73.13,0.4077669902912622,1,-0.10990749756572549,0.5995085223182183,0.0,0.0,0.5995085223182183,1.1990170446364365,0.0,0.0,0.0,1.0474908155846592,3
2021-06-30,41.54,1.6995666827154552,1,-0.43197046355804725,0.590450674666068,1.0,1.6995666827154552,0.590450674666068,1.180901349332136,1.180901349332136,1.1759013493321362,0.023518026986642723,1.0721257328538394,3
2021-07-07,59.3,-0.2355817875210792,0,0.42753972075108315,0.5897596750169155,1.0,-0.2355817875210792,0.5897596750169155,1.179519350033831,-0.2355817875210792,-0.2405817875210792,-0.004811635750421584,1.0669670543486929,3
2021-07-14,76.35,-0.3872953503601832,0,0.28752107925801007,0.5907952878029071,0.0,-0.0,0.5907952878029071,1.1815905756058143,-0.0,0.0,0.0,1.0669670543486929,3
2021-07-21,78.08,-0.1257684426229507,0,0.022658808120497698,0.591170265293021,0.0,-0.0,0.591170265293021,1.182340530586042,-0.0,0.0,0.0,1.0669670543486929,3
2021-07-28,102.95,-0.535016998542982,0,0.31851946721311486,0.5900122207986578,0.0,-0.0,0.5900122207986578,1.1800244415973156,-0.0,0.0,0.0,1.0669670543486929,3
2021-08-04,112.14,-0.4324950954164437,0,0.08926663428848958,0.5884697256181859,0.0,-0.0,0.5884697256181859,1.1769394512363718,-0.0,0.0,0.0,1.0669670543486929,3
2021-08-11,45.33,1.249503639973527,0,-0.595773140716961,0.6098159279824249,0.0,0.0,0.6098159279824249,1.2196318559648498,0.0,0.0,0.0,1.0669670543486929,3
2021-08-18,46.78,1.5309961522017956,1,0.03198764615045224,0.6100328895792272,0.0,0.0,0.6100328895792272,1.2200657791584544,0.0,0.0,0.0,1.0669670543486929,3
2021-08-25,68.26,-0.017579841781424,0,0.4591705857203934,0.6144570902570893,1.0,-0.017579841781424,0.6144570902570893,1.2289141805141786,-0.017579841781424,-0.022579841781424,-0.00045159683562848006,1.0664852154032292,3
2021-09-01,47.87,1.4117401295174434,1,-0.29871081160269564,0.6203697889704375,0.0,0.0,0.6203697889704375,1.240739577940875,0.0,0.0,0.0,1.0664852154032292,3
2021-09-08,63.64,0.6543054682589566,1,0.32943388343430136,0.6010906102084795,1.0,0.6543054682589566,0.6010906102084795,1.202181220416959,0.6543054682589566,0.6493054682589566,0.012986109365179133,1.080334709046802,3
2021-09-15,101.97,0.0528586839266451,1,0.602294154619736,0.5520069587962066,1.0,0.0528586839266451,0.5520069587962066,1.1040139175924133,0.0528586839266451,0.0478586839266451,0.000957173678532902,1.0813687769943072,3
2021-09-22,118.4,-0.0288006756756757,0,0.1611258213199962,0.5326812020851514,1.0,-0.0288006756756757,0.5326812020851514,1.0653624041703027,-0.0288006756756757,-0.0338006756756757,-0.000676013513513514,1.0806377570879675,3
2021-09-29,67.06,0.1999701759618251,1,-0.4336148648648649,0.5471051224278981,0.0,0.0,0.5471051224278981,1.0942102448557962,0.0,0.0,0.0,1.0806377570879675,3
2021-10-06,115.45,-0.2620181896925075,0,0.7215926036385327,0.5576151667035,1.0,-0.2620181896925075,0.5576151667035,1.115230333407,-0.2620181896925075,-0.2670181896925075,-0.00534036379385015,1.0748667583357474,3
2021-10-13,105.28,-0.6129369300911854,0,-0.08809008228670423,0.5454802212588408,0.0,-0.0,0.5454802212588408,1.0909604425176815,-0.0,0.0,0.0,1.0748667583357474,3
2021-10-20,107.36,-0.4754098360655737,0,0.019756838905774954,0.4208707957850505,0.0,-0.0,0.4208707957850505,0.841741591570101,-0.0,0.0,0.0,1.0748667583357474,3
2021-10-27,114.99,-0.2665449169492998,0,0.07106929955290608,0.3867549102060864,0.0,-0.0,0.3867549102060864,0.7735098204121728,-0.0,0.0,0.0,1.0748667583357474,3
2021-11-03,80.47,-0.1370697154218964,0,-0.30020001739281676,0.3596052549310447,0.0,-0.0,0.3596052549310447,0.7192105098620895,-0.0,0.0,0.0,1.0748667583357474,3
2021-11-10,85.2,-0.1092723004694835,0,0.05877966944202817,0.3572778376096331,0.0,-0.0,0.3572778376096331,0.7145556752192662,-0.0,0.0,0.0,1.0748667583357474,3
2021-11-17,40.75,-0.0120245398773006,0,-0.5217136150234742,0.36444041045368764,0.0,-0.0,0.36444041045368764,0.7288808209073753,-0.0,0.0,0.0,1.0748667583357474,3
2021-11-24,56.32,0.6226917613636365,0,0.3820858895705521,0.36221607069551365,0.0,0.0,0.36221607069551365,0.7244321413910273,0.0,0.0,0.0,1.0748667583357474,3
2021-12-01,84.34,0.237846810528812,1,0.4975142045454546,0.3718939337526578,0.0,0.0,0.3718939337526578,0.7437878675053156,0.0,0.0,0.0,1.0748667583357474,3
2021-12-08,69.44,0.480270737327189,1,-0.17666587621531904,0.37605624463725756,1.0,0.480270737327189,0.37605624463725756,0.7521124892745151,0.480270737327189,0.475270737327189,0.00950541474654378,1.0850838126710018,3
2021-12-15,75.89,-0.015417050994861,0,0.09288594470046085,0.3714506104685116,1.0,-0.015417050994861,0.3714506104685116,0.7429012209370232,-0.015417050994861,-0.020417050994861,-0.00040834101989722005,1.084640728440262,3
2021-12-22,40.26,1.2704918032786887,1,-0.4694953221768349,0.38932928791676047,0.0,0.0,0.38932928791676047,0.7786585758335209,0.0,0.0,0.0,1.084640728440262,3
2021-12-29,91.39,-0.2262829631250684,0,1.2699950322901143,0.45087422875098637,1.0,-0.2262829631250684,0.45087422875098637,0.9017484575019727,-0.2262829631250684,-0.2312829631250684,-0.004625659262501369,1.079623550008266,3
2022-01-05,104.4,-0.5982758620689655,0,0.14235693183061615,0.45040957216661903,0.0,-0.0,0.45040957216661903,0.9008191443332381,-0.0,0.0,0.0,1.079623550008266,3
2022-01-12,102.79,-0.2764860394980056,0,-0.01542145593869726,0.4443932578811275,0.0,-0.0,0.4443932578811275,0.888786515762255,-0.0,0.0,0.0,1.079623550008266,3
2022-01-19,74.72,-0.3217344753747323,0,-0.2730810390115771,0.44321154586046,0.0,-0.0,0.44321154586046,0.88642309172092,-0.0,0.0,0.0,1.079623550008266,3
2022-01-26,91.41,-0.4233672464719396,0,0.2233672376873661,0.44099522556661735,0.0,-0.0,0.44099522556661735,0.8819904511332347,-0.0,0.0,0.0,1.079623550008266,3
2022-02-02,70.71,-0.3698203931551406,0,-0.226452248112898,0.4299357963437063,0.0,-0.0,0.4299357963437063,0.8598715926874126,-0.0,0.0,0.0,1.079623550008266,3
2021-05-05,53.99,-0.1668827560659382,0,-0.4896975425330813,0.5374888887322263,0.0,-0.0,0.5374888887322263,1.0749777774644527,-0.0,0.0,0.0,1.0,4
2021-05-12,50.81,0.6170045266679787,1,-0.05889979625856634,0.5279930939580432,0.0,0.0,0.5279930939580432,1.0559861879160863,0.0,0.0,0.0,1.0,4
2021-05-19,75.16,-0.02700904736562,0,0.47923637079315085,0.5289915958457326,1.0,-0.02700904736562,0.5289915958457326,1.0579831916914653,-0.02700904736562,-0.03200904736562,-0.0006401809473124,0.9993598190526876,4
2021-05-26,44.91,-0.0750389668225338,0,-0.4024747205960617,0.5238951110383538,0.0,-0.0,0.5238951110383538,1.0477902220767077,-0.0,0.0,0.0,0.9993598190526876,4
2021-06-02,118.69,-0.5003791389333558,0,1.642841238031619,0.6167124835442606,0.0,-0.0,0.6167124835442606,1.2334249670885211,-0.0,0.0,0.0,0.9993598190526876,4
2021-06-09,44.98,0.6974210760337929,0,-0.6210295728368018,0.6278545364843355,0.0,0.0,0.6278545364843355,1.255709072968671,0.0,0.0,0.0,0.9993598190526876,4
2021-06-16,82.16,-0.0496592015579356,0,0.8265895953757225,0.6446269616981032,0.0,-0.0,0.6446269616981032,1.2892539233962064,-0.0,0.0,0.0,0.9993598190526876,4
2021-06-23,73.13,0.4077669902912622,1,-0.10990749756572549,0.5995085223182183,0.0,0.0,0.5995085223182183,1.1990170446364365,0.0,0.0,0.0,0.9993598190526876,4
2021-06-30,41.54,1.6995666827154552,1,-0.43197046355804725,0.5904506746660679,1.0,1.6995666827154552,0.5904506746660679,1.1809013493321359,1.1809013493321359,1.175901349332136,0.02351802698664272,1.022862790246535,4
2021-07-07,59.3,-0.2355817875210792,0,0.42753972075108315,0.5897596750169154,1.0,-0.2355817875210792,0.5897596750169154,1.1795193500338308,-0.2355817875210792,-0.2405817875210792,-0.004811635750421584,1.0179411470772088,4
2021-07-14,76.35,-0.3872953503601832,0,0.28752107925801007,0.5907952878029071,0.0,-0.0,0.5907952878029071,1.1815905756058143,-0.0,0.0,0.0,1.0179411470772088,4
2021-07-21,78.08,-0.1257684426229507,0,0.022658808120497698,0.591170265293021,0.0,-0.0,0.591170265293021,1.182340530586042,-0.0,0.0,0.0,1.0179411470772088,4
2021-07-28,102.95,-0.535016998542982,0,0.31851946721311486,0.5900122207986577,0.0,-0.0,0.5900122207986577,1.1800244415973153,-0.0,0.0,0.0,1.0179411470772088,4
2021-08-04,112.14,-0.4324950954164437,0,0.08926663428848958,0.5884697256181859,0.0,-0.0,0.5884697256181859,1.1769394512363718,-0.0,0.0,0.0,1.0179411470772088,4
2021-08-11,45.33,1.249503639973527,0,-0.595773140716961,0.6098159279824249,0.0,0.0,0.6098159279824249,1.2196318559648498,0.0,0.0,0.0,1.0179411470772088,4
2021-08-18,46.78,1.5309961522017956,1,0.03198764615045224,0.6100328895792272,0.0,0.0,0.6100328895792272,1.2200657791584544,0.0,0.0,0.0,1.0179411470772088,4
2021-08-25,68.26,-0.017579841781424,0,0.4591705857203934,0.6144570902570893,1.0,-0.017579841781424,0.6144570902570893,1.2289141805141786,-0.017579841781424,-0.022579841781424,-0.00045159683562848006,1.0174814480763328,4
2021-09-01,47.87,1.4117401295174434,1,-0.29871081160269564,0.6203697889704375,0.0,0.0,0.6203697889704375,1.240739577940875,0.0,0.0,0.0,1.0174814480763328,4
2021-09-08,63.64,0.6543054682589566,1,0.32943388343430136,0.6010906102084794,1.0,0.6543054682589566,0.6010906102084794,1.2021812204169589,0.6543054682589566,0.6493054682589566,0.012986109365179133,1.0306945734380928,4
2021-09-15,101.97,0.0528586839266451,1,0.602294154619736,0.5520069587962066,1.0,0.0528586839266451,0.5520069587962066,1.1040139175924133,0.0528586839266451,0.0478586839266451,0.000957173678532902,1.0316811271543944,4
2021-09-22,118.4,-0.0288006756756757,0,0.1611258213199962,0.5326812020851514,1.0,-0.0288006756756757,0.5326812020851514,1.0653624041703027,-0.0288006756756757,-0.0338006756756757,-0.000676013513513514,1.0309836967708013,4
2021-09-29,67.06,0.1999701759618251,1,-0.4336148648648649,0.5471051224278981,0.0,0.0,0.5471051224278981,1.0942102448557962,0.0,0.0,0.0,1.0309836967708013,4
2021-10-06,115.45,-0.2620181896925075,0,0.7215926036385327,0.5576151667035,1.0,-0.2620181896925075,0.5576151667035,1.115230333407,-0.2620181896925075,-0.2670181896925075,-0.00534036379385015,1.0254778687645167,4
2021-10-13,105.28,-0.6129369300911854,0,-0.08809008228670423,0.5454802212588408,0.0,-0.0,0.5454802212588408,1.0909604425176815,-0.0,0.0,0.0,1.0254778687645167,4
2021-10-20,107.36,-0.4754098360655737,0,0.019756838905774954,0.42087079578505043,0.0,-0.0,0.42087079578505043,0.8417415915701009,-0.0,0.0,0.0,1.0254778687645167,4
2021-10-27,114.99,-0.2665449169492998,0,0.07106929955290608,0.3867549102060864,0.0,-0.0,0.3867549102060864,0.7735098204121728,-0.0,0.0,0.0,1.0254778687645167,4
2021-11-03,80.47,-0.1370697154218964,0,-0.30020001739281676,0.35960525493104467,0.0,-0.0,0.35960525493104467,0.7192105098620893,-0.0,0.0,0.0,1.0254778687645167,4
2021-11-10,85.2,-0.1092723004694835,0,0.05877966944202817,0.357277837609633,0.0,-0.0,0.357277837609633,0.714555675219266,-0.0,0.0,0.0,1.0254778687645167,4
2021-11-17,40.75,-0.0120245398773006,0,-0.5217136150234742,0.3644404104536875,0.0,-0.0,0.3644404104536875,0.728880820907375,-0.0,0.0,0.0,1.0254778687645167,4
2021-11-24,56.32,0.6226917613636365,0,0.3820858895705521,0.36221607069551354,0.0,0.0,0.36221607069551354,0.7244321413910271,0.0,0.0,0.0,1.0254778687645167,4
2021-12-01,84.34,0.237846810528812,1,0.4975142045454546,0.3718939337526577,0.0,0.0,0.3718939337526577,0.7437878675053154,0.0,0.0,0.0,1.0254778687645167,4
2021-12-08,69.44,0.480270737327189,1,-0.17666587621531904,0.3760562446372575,1.0,0.480270737327189,0.3760562446372575,0.752112489274515,0.480270737327189,0.475270737327189,0.00950541474654378,1.0352254612205254,4
2021-12-15,75.89,-0.015417050994861,0,0.09288594470046085,0.37145061046851147,1.0,-0.015417050994861,0.37145061046851147,0.7429012209370229,-0.015417050994861,-0.020417050994861,-0.00040834101989722005,1.034802736199867,4
2021-12-22,40.26,1.2704918032786887,1,-0.4694953221768349,0.38932928791676036,0.0,0.0,0.38932928791676036,0.7786585758335207,0.0,0.0,0.0,1.034802736199867,4
2021-12-29,91.39,-0.2262829631250684,0,1.2699950322901143,0.45087422875098637,1.0,-0.2262829631250684,0.45087422875098637,0.9017484575019727,-0.2262829631250684,-0.2312829631250684,-0.004625659262501369,1.0300160913383023,4
2022-01-05,104.4,-0.5982758620689655,0,0.14235693183061615,0.450409572166619,0.0,-0.0,0.450409572166619,0.900819144333238,-0.0,0.0,0.0,1.0300160913383023,4
2022-01-12,102.79,-0.2764860394980056,0,-0.01542145593869726,0.4443932578811275,0.0,-0.0,0.4443932578811275,0.888786515762255,-0.0,0.0,0.0,1.0300160913383023,4
2022-01-19,74.72,-0.3217344753747323,0,-0.2730810390115771,0.44321154586045997,0.0,-0.0,0.44321154586045997,0.8864230917209199,-0.0,0.0,0.0,1.0300160913383023,4
2022-01-26,91.41,-0.4233672464719396,0,0.2233672376873661,0.4409952255666173,0.0,-0.0,0.4409952255666173,0.8819904511332346,-0.0,0.0,0.0,1.0300160913383023,4
2022-02-02,70.71,-0.3698203931551406,0,-0.226452248112898,0.42993579634370627,0.0,-0.0,0.42993579634370627,0.8598715926874125,-0.0,0.0,0.0,1.0300160913383023,4
2022-02-09,41.94,1.4022412970910825,0,-0.40687314382689854,0.44129099541119443,0.0,0.0,0.44129099541119443,0.8825819908223889,0.0,0.0,0.0,1.0300160913383023,4
2022-02-16,74.37,0.5128411994083635,1,0.7732474964234624,0.4570244696391374,0.0,0.0,0.4570244696391374,0.9140489392782748,0.0,0.0,0.0,1.0300160913383023,4
2022-02-23,50.68,0.8370165745856353,1,-0.318542423020035,0.44008514295570983,1.0,0.8370165745856353,0.44008514295570983,0.8801702859114197,0.8370165745856353,0.8320165745856353,0.016640331491712707,1.04715590053997,4
2022-03-02,52.71,0.8681464617719596,1,0.04005524861878462,0.43910403116937835,1.0,0.8681464617719596,0.43910403116937835,0.8782080623387567,0.8681464617719596,0.8631464617719596,0.017262929235439192,1.065232878749464,4
2022-03-09,44.56,1.6427289048473963,1,-0.15461961677101121,0.4413182465247334,1.0,1.6427289048473963,0.4413182465247334,0.8826364930494668,0.8826364930494668,0.8776364930494668,0.017552729860989335,1.0839306237091975,4
2022-03-16,100.75,0.072456575682382,1,1.260996409335727,0.5197589075614404,1.0,0.072456575682382,0.5197589075614404,1.0395178151228808,0.072456575682382,0.06745657568238199,0.0013491315136476398,1.0853929886722513,4
2022-03-23,112.51,-0.1411430095102658,0,0.11672456575682388,0.51141407705781,1.0,-0.1411430095102658,0.51141407705781,1.02282815411562,-0.1411430095102658,-0.1461430095102658,-0.002922860190205316,1.0822205367149333,4
2022-03-30,93.1,0.1600429645542427,1,-0.17251799840014226,0.5153466604669387,0.0,0.0,0.5153466604669387,1.0306933209338773,0.0,0.0,0.0,1.0822205367149333,4
2022-04-06,98.47,-0.1774144409464811,0,0.05767991407089146,0.4942213731198094,1.0,-0.1774144409464811,0.4942213731198094,0.9884427462396188,-0.1774144409464811,-0.1824144409464811,-0.003648288818929622,1.0782722836312202,4
2022-04-13,117.76,-0.5484035326086957,0,0.19589722758200478,0.4910090287761849,0.0,-0.0,0.4910090287761849,0.9820180575523698,-0.0,0.0,0.0,1.0782722836312202,4
2022-04-20,108.05,0.014807959278112,0,-0.08245584239130443,0.48480432208156665,0.0,0.0,0.48480432208156665,0.9696086441631333,0.0,0.0,0.0,1.0782722836312202,4
2022-04-27,96.63,-0.2020076580772016,0,-0.10569180934752431,0.48297624637918624,0.0,-0.0,0.48297624637918624,0.9659524927583725,-0.0,0.0,0.0,1.0782722836312202,4
2022-05-04,108.0,-0.3478703703703703,0,0.11766532132877994,0.48299583227386994,0.0,-0.0,0.48299583227386994,0.9659916645477399,-0.0,0.0,0.0,1.0782722836312202,4
2022-05-11,81.0,0.0643209876543209,0,-0.25,0.4717702911379204,0.0,0.0,0.4717702911379204,0.9435405822758408,0.0,0.0,0.0,1.0782722836312202,4
2022-05-18,53.18,0.7989845806694247,1,-0.34345679012345676,0.3945292092652923,0.0,0.0,0.3945292092652923,0.7890584185305846,0.0,0.0,0.0,1.0782722836312202,4
2021-08-18,46.78,1.5309961522017956,1,0.03198764615045224,0.6100328895792273,0.0,0.0,0.6100328895792273,1.2200657791584546,0.0,0.0,0.0,1.0,5
2021-08-25,68.26,-0.017579841781424,0,0.4591705857203934,0.6144570902570894,1.0,-0.017579841781424,0.6144570902570894,1.2289141805141788,-0.017579841781424,-0.022579841781424,-0.00045159683562848006,0.9995484031643715,5
2021-09-01,47.87,1.4117401295174434,1,-0.29871081160269564,0.6203697889704376,0.0,0.0,0.6203697889704376,1.2407395779408752,0.0,0.0,0.0,0.9995484031643715,5
2021-09-08,63.64,0.6543054682589566,1,0.32943388343430136,0.6010906102084796,1.0,0.6543054682589566,0.6010906102084796,1.2021812204169593,0.6543054682589566,0.6493054682589566,0.012986109365179133,1.0125286480436542,5
2021-09-15,101.97,0.0528586839266451,1,0.602294154619736,0.5520069587962068,1.0,0.0528586839266451,0.5520069587962068,1.1040139175924135,0.0528586839266451,0.0478586839266451,0.000957173678532902,1.0134978138143222,5
2021-09-22,118.4,-0.0288006756756757,0,0.1611258213199962,0.5326812020851515,1.0,-0.0288006756756757,0.5326812020851515,1.065362404170303,-0.0288006756756757,-0.0338006756756757,-0.000676013513513514,1.0128126755962674,5
2021-09-29,67.06,0.1999701759618251,1,-0.4336148648648649,0.5471051224278982,0.0,0.0,0.5471051224278982,1.0942102448557964,0.0,0.0,0.0,1.0128126755962674,5
2021-10-06,115.45,-0.2620181896925075,0,0.7215926036385327,0.5576151667035002,1.0,-0.2620181896925075,0.5576151667035002,1.1152303334070004,-0.2620181896925075,-0.2670181896925075,-0.00534036379385015,1.0074038874535607,5
2021-10-13,105.28,-0.6129369300911854,0,-0.08809008228670423,0.5454802212588409,0.0,-0.0,0.5454802212588409,1.0909604425176818,-0.0,0.0,0.0,1.0074038874535607,5
2021-10-20,107.36,-0.4754098360655737,0,0.019756838905774954,0.42087079578505066,0.0,-0.0,0.42087079578505066,0.8417415915701013,-0.0,0.0,0.0,1.0074038874535607,5
2021-10-27,114.99,-0.2665449169492998,0,0.07106929955290608,0.3867549102060866,0.0,-0.0,0.3867549102060866,0.7735098204121732,-0.0,0.0,0.0,1.0074038874535607,5
2021-11-03,80.47,-0.1370697154218964,0,-0.30020001739281676,0.35960525493104495,0.0,-0.0,0.35960525493104495,0.7192105098620899,-0.0,0.0,0.0,1.0074038874535607,5
2021-11-10,85.2,-0.1092723004694835,0,0.05877966944202817,0.3572778376096333,0.0,-0.0,0.3572778376096333,0.7145556752192666,-0.0,0.0,0.0,1.0074038874535607,5
2021-11-17,40.75,-0.0120245398773006,0,-0.5217136150234742,0.3644404104536878,0.0,-0.0,0.3644404104536878,0.7288808209073756,-0.0,0.0,0.0,1.0074038874535607,5
2021-11-24,56.32,0.6226917613636365,0,0.3820858895705521,0.3622160706955138,0.0,0.0,0.3622160706955138,0.7244321413910276,0.0,0.0,0.0,1.0074038874535607,5
2021-12-01,84.34,0.237846810528812,1,0.4975142045454546,0.371893933752658,0.0,0.0,0.371893933752658,0.743787867505316,0.0,0.0,0.0,1.0074038874535607,5
2021-12-08,69.44,0.480270737327189,1,-0.17666587621531904,0.37605624463725773,1.0,0.480270737327189,0.37605624463725773,0.7521124892745155,0.480270737327189,0.475270737327189,0.00950541474654378,1.0169796792210875,5
2021-12-15,75.89,-0.015417050994861,0,0.09288594470046085,0.37145061046851174,1.0,-0.015417050994861,0.37145061046851174,0.7429012209370235,-0.015417050994861,-0.020417050994861,-0.00040834101989722005,1.0165644047016595,5
2021-12-22,40.26,1.2704918032786887,1,-0.4694953221768349,0.38932928791676064,0.0,0.0,0.38932928791676064,0.7786585758335213,0.0,0.0,0.0,1.0165644047016595,5
2021-12-29,91.39,-0.2262829631250684,0,1.2699950322901143,0.4508742287509866,1.0,-0.2262829631250684,0.4508742287509866,0.9017484575019732,-0.2262829631250684,-0.2312829631250684,-0.004625659262501369,1.0118621241471222,5
2022-01-05,104.4,-0.5982758620689655,0,0.14235693183061615,0.4504095721666192,0.0,-0.0,0.4504095721666192,0.9008191443332384,-0.0,0.0,0.0,1.0118621241471222,5
2022-01-12,102.79,-0.2764860394980056,0,-0.01542145593869726,0.44439325788112766,0.0,-0.0,0.44439325788112766,0.8887865157622553,-0.0,0.0,0.0,1.0118621241471222,5
2022-01-19,74.72,-0.3217344753747323,0,-0.2730810390115771,0.4432115458604602,0.0,-0.0,0.4432115458604602,0.8864230917209204,-0.0,0.0,0.0,1.0118621241471222,5
2022-01-26,91.41,-0.4233672464719396,0,0.2233672376873661,0.4409952255666175,0.0,-0.0,0.4409952255666175,0.881990451133235,-0.0,0.0,0.0,1.0118621241471222,5
2022-02-02,70.71,-0.3698203931551406,0,-0.226452248112898,0.4299357963437065,0.0,-0.0,0.4299357963437065,0.859871592687413,-0.0,0.0,0.0,1.0118621241471222,5
2022-02-09,41.94,1.4022412970910825,0,-0.40687314382689854,0.4412909954111947,0.0,0.0,0.4412909954111947,0.8825819908223894,0.0,0.0,0.0,1.0118621241471222,5
2022-02-16,74.37,0.5128411994083635,1,0.7732474964234624,0.4570244696391376,0.0,0.0,0.4570244696391376,0.9140489392782752,0.0,0.0,0.0,1.0118621241471222,5
2022-02-23,50.68,0.8370165745856353,1,-0.318542423020035,0.44008514295571005,1.0,0.8370165745856353,0.44008514295571005,0.8801702859114201,0.8370165745856353,0.8320165745856353,0.016640331491712707,1.0286998453168388,5
2022-03-02,52.71,0.8681464617719596,1,0.04005524861878462,0.4391040311693786,1.0,0.8681464617719596,0.4391040311693786,0.8782080623387571,0.8681464617719596,0.8631464617719596,0.017262929235439192,1.0464582179510507,5
2022-03-09,44.56,1.6427289048473963,1,-0.15461961677101121,0.4413182465247336,1.0,1.6427289048473963,0.4413182465247336,0.8826364930494672,0.8826364930494672,0.8776364930494672,0.017552729860989345,1.064826416361558,5
2022-03-16,100.75,0.072456575682382,1,1.260996409335727,0.5197589075614406,1.0,0.072456575682382,0.5197589075614406,1.0395178151228812,0.072456575682382,0.06745657568238199,0.0013491315136476398,1.0662630072364356,5
2022-03-23,112.51,-0.1411430095102658,0,0.11672456575682388,0.5114140770578102,1.0,-0.1411430095102658,0.5114140770578102,1.0228281541156203,-0.1411430095102658,-0.1461430095102658,-0.002922860190205316,1.0631464695402957,5
2022-03-30,93.1,0.1600429645542427,1,-0.17251799840014226,0.5153466604669389,0.0,0.0,0.5153466604669389,1.0306933209338778,0.0,0.0,0.0,1.0631464695402957,5
2022-04-06,98.47,-0.1774144409464811,0,0.05767991407089146,0.4942213731198096,1.0,-0.1774144409464811,0.4942213731198096,0.9884427462396193,-0.1774144409464811,-0.1824144409464811,-0.003648288818929622,1.0592678041625874,5
2022-04-13,117.76,-0.5484035326086957,0,0.19589722758200478,0.49100902877618513,0.0,-0.0,0.49100902877618513,0.9820180575523703,-0.0,0.0,0.0,1.0592678041625874,5
2022-04-20,108.05,0.014807959278112,0,-0.08245584239130443,0.4848043220815668,0.0,0.0,0.4848043220815668,0.9696086441631336,0.0,0.0,0.0,1.0592678041625874,5
2022-04-27,96.63,-0.2020076580772016,0,-0.10569180934752431,0.4829762463791864,0.0,-0.0,0.4829762463791864,0.9659524927583728,-0.0,0.0,0.0,1.0592678041625874,5
2022-05-04,108.0,-0.3478703703703703,0,0.11766532132877994,0.48299583227387016,0.0,-0.0,0.48299583227387016,0.9659916645477403,-0.0,0.0,0.0,1.0592678041625874,5
2022-05-11,81.0,0.0643209876543209,0,-0.25,0.4717702911379206,0.0,0.0,0.4717702911379206,0.9435405822758413,0.0,0.0,0.0,1.0592678041625874,5
2022-05-18,53.18,0.7989845806694247,1,-0.34345679012345676,0.39452920926529256,0.0,0.0,0.39452920926529256,0.7890584185305851,0.0,0.0,0.0,1.0592678041625874,5
2022-05-25,109.65,-0.5325125398996808,0,1.0618653629183905,0.4570616731763517,1.0,-0.5325125398996808,0.4570616731763517,0.9141233463527034,-0.4570616731763517,-0.4620616731763517,-0.009241233463527034,1.0494788630839234,5
2022-06-01,77.11,0.1570483724549345,1,-0.2967624259005929,0.46426117402816325,0.0,0.0,0.46426117402816325,0.9285223480563265,0.0,0.0,0.0,1.0494788630839234,5
2022-06-08,70.43,0.685787306545506,1,-0.08662949033847744,0.4590454352803182,1.0,0.685787306545506,0.4590454352803182,0.9180908705606364,0.685787306545506,0.680787306545506,0.013615746130910121,1.0637683008534302,5
2022-06-15,86.21,-0.5243011251594942,0,0.22405225046145083,0.4590574923658852,1.0,-0.5243011251594942,0.4590574923658852,0.9181149847317704,-0.4590574923658852,-0.4640574923658852,-0.009281149847317705,1.053895307850383,5
2022-06-22,95.67,-0.425211665098777,0,0.10973204964621286,0.45374726087916784,0.0,-0.0,0.45374726087916784,0.9074945217583357,-0.0,0.0,0.0,1.053895307850383,5
2022-06-29,51.26,1.062621927428795,0,-0.4641998536636355,0.45719933100550975,0.0,0.0,0.45719933100550975,0.9143986620110195,0.0,0.0,0.0,1.053895307850383,5
2022-07-06,89.22,0.0867518493611296,1,0.7405384315255561,0.4546560519545124,0.0,0.0,0.4546560519545124,0.9093121039090248,0.0,0.0,0.0,1.053895307850383,5
2022-07-13,118.73,-0.1585109071001432,0,0.33075543600089663,0.4476385569459493,1.0,-0.1585109071001432,0.4476385569459493,0.8952771138918986,-0.1585109071001432,-0.1635109071001432,-0.0032702181420028644,1.0504488402948788,5
2022-07-20,41.01,1.2123872226286272,1,-0.6545944580139813,0.4795684169988086,0.0,0.0,0.4795684169988086,0.9591368339976172,0.0,0.0,0.0,1.0504488402948788,5
2022-07-27,54.99,0.9723586106564828,1,0.3408924652523775,0.4795955899428961,1.0,0.9723586106564828,0.4795955899428961,0.9591911798857922,0.9591911798857922,0.9541911798857922,0.019083823597715845,1.0704954206614914,5
2022-08-03,105.73,-0.3907121914310035,0,0.922713220585561,0.4411020115140557,1.0,-0.3907121914310035,0.4411020115140557,0.8822040230281114,-0.3907121914310035,-0.3957121914310035,-0.00791424382862007,1.0620232588849552,5
2022-08-10,96.96,0.044657590759076,1,-0.082947129480753,0.4426770931290311,0.0,0.0,0.4426770931290311,0.8853541862580622,0.0,0.0,0.0,1.0620232588849552,5
2022-08-17,99.91,-0.5107596837153437,0,0.030424917491749248,0.43893954340438934,1.0,-0.5107596837153437,0.43893954340438934,0.8778790868087787,-0.43893954340438934,-0.44393954340438935,-0.008878790868087787,1.0525937764722706,5
2022-08-24,90.73,-0.4614791138542929,0,-0.09188269442498243,0.4407584672317392,0.0,-0.0,0.4407584672317392,0.8815169344634785,-0.0,0.0,0.0,1.0525937764722706,5
2022-08-31,108.46,-0.4156371012354785,0,0.1954149674859471,0.4407518519886521,0.0,-0.0,0.4407518519886521,0.8815037039773042,-0.0,0.0,0.0,1.0525937764722706,5
2021-12-01,84.34,0.237846810528812,1,0.4975142045454546,0.37189393375265783,0.0,0.0,0.37189393375265783,0.7437878675053157,0.0,0.0,0.0,1.0,6
2021-12-08,69.44,0.480270737327189,1,-0.17666587621531904,0.3760562446372576,1.0,0.480270737327189,0.3760562446372576,0.7521124892745152,0.480270737327189,0.475270737327189,0.00950541474654378,1.0095054147465439,6
2021-12-15,75.89,-0.015417050994861,0,0.09288594470046085,0.3714506104685116,1.0,-0.015417050994861,0.3714506104685116,0.7429012209370232,-0.015417050994861,-0.020417050994861,-0.00040834101989722005,1.0090931922758946,6
2021-12-22,40.26,1.2704918032786887,1,-0.4694953221768349,0.3893292879167605,0.0,0.0,0.3893292879167605,0.778658575833521,0.0,0.0,0.0,1.0090931922758946,6
2021-12-29,91.39,-0.2262829631250684,0,1.2699950322901143,0.4508742287509864,1.0,-0.2262829631250684,0.4508742287509864,0.9017484575019729,-0.2262829631250684,-0.2312829631250684,-0.004625659262501369,1.0044254710043166,6
2022-01-05,104.4,-0.5982758620689655,0,0.14235693183061615,0.4504095721666191,0.0,-0.0,0.4504095721666191,0.9008191443332382,-0.0,0.0,0.0,1.0044254710043166,6
2022-01-12,102.79,-0.2764860394980056,0,-0.01542145593869726,0.44439325788112755,0.0,-0.0,0.44439325788112755,0.8887865157622551,-0.0,0.0,0.0,1.0044254710043166,6
2022-01-19,74.72,-0.3217344753747323,0,-0.2730810390115771,0.44321154586046,0.0,-0.0,0.44321154586046,0.88642309172092,-0.0,0.0,0.0,1.0044254710043166,6
2022-01-26,91.41,-0.4233672464719396,0,0.2233672376873661,0.44099522556661735,0.0,-0.0,0.44099522556661735,0.8819904511332347,-0.0,0.0,0.0,1.0044254710043166,6
2022-02-02,70.71,-0.3698203931551406,0,-0.226452248112898,0.4299357963437064,0.0,-0.0,0.4299357963437064,0.8598715926874128,-0.0,0.0,0.0,1.0044254710043166,6
2022-02-09,41.94,1.4022412970910825,0,-0.40687314382689854,0.44129099541119454,0.0,0.0,0.44129099541119454,0.8825819908223891,0.0,0.0,0.0,1.0044254710043166,6
2022-02-16,74.37,0.5128411994083635,1,0.7732474964234624,0.4570244696391375,0.0,0.0,0.4570244696391375,0.914048939278275,0.0,0.0,0.0,1.0044254710043166,6
2022-02-23,50.68,0.8370165745856353,1,-0.318542423020035,0.44008514295570994,1.0,0.8370165745856353,0.44008514295570994,0.8801702859114199,0.8370165745856353,0.8320165745856353,0.016640331491712707,1.021139443800548,6
2022-03-02,52.71,0.8681464617719596,1,0.04005524861878462,0.4391040311693784,1.0,0.8681464617719596,0.4391040311693784,0.8782080623387568,0.8681464617719596,0.8631464617719596,0.017262929235439192,1.0387673017583927,6
2022-03-09,44.56,1.6427289048473963,1,-0.15461961677101121,0.4413182465247335,1.0,1.6427289048473963,0.4413182465247335,0.882636493049467,0.882636493049467,0.877636493049467,0.017552729860989342,1.0570005035945866,6
2022-03-16,100.75,0.072456575682382,1,1.260996409335727,0.5197589075614405,1.0,0.072456575682382,0.5197589075614405,1.039517815122881,0.072456575682382,0.06745657568238199,0.0013491315136476398,1.0584265362839274,6
2022-03-23,112.51,-0.1411430095102658,0,0.11672456575682388,0.5114140770578101,1.0,-0.1411430095102658,0.5114140770578101,1.0228281541156201,-0.1411430095102658,-0.1461430095102658,-0.002922860190205316,1.0553329034967662,6
2022-03-30,93.1,0.1600429645542427,1,-0.17251799840014226,0.5153466604669388,0.0,0.0,0.5153466604669388,1.0306933209338776,0.0,0.0,0.0,1.0553329034967662,6
2022-04-06,98.47,-0.1774144409464811,0,0.05767991407089146,0.4942213731198095,1.0,-0.1774144409464811,0.4942213731198095,0.988442746239619,-0.1774144409464811,-0.1824144409464811,-0.003648288818929622,1.0514827442646903,6
2022-04-13,117.76,-0.5484035326086957,0,0.19589722758200478,0.491009028776185,0.0,-0.0,0.491009028776185,0.98201805755237,-0.0,0.0,0.0,1.0514827442646903,6
2022-04-20,108.05,0.014807959278112,0,-0.08245584239130443,0.48480432208156676,0.0,0.0,0.48480432208156676,0.9696086441631335,0.0,0.0,0.0,1.0514827442646903,6
2022-04-27,96.63,-0.2020076580772016,0,-0.10569180934752431,0.4829762463791863,0.0,-0.0,0.4829762463791863,0.9659524927583726,-0.0,0.0,0.0,1.0514827442646903,6
2022-05-04,108.0,-0.3478703703703703,0,0.11766532132877994,0.48299583227387005,0.0,-0.0,0.48299583227387005,0.9659916645477401,-0.0,0.0,0.0,1.0514827442646903,6
2022-05-11,81.0,0.0643209876543209,0,-0.25,0.4717702911379205,0.0,0.0,0.4717702911379205,0.943540582275841,0.0,0.0,0.0,1.0514827442646903,6
2022-05-18,53.18,0.7989845806694247,1,-0.34345679012345676,0.3945292092652924,0.0,0.0,0.3945292092652924,0.7890584185305848,0.0,0.0,0.0,1.0514827442646903,6
2022-05-25,109.65,-0.5325125398996808,0,1.0618653629183905,0.45706167317635155,1.0,-0.5325125398996808,0.45706167317635155,0.9141233463527031,-0.45706167317635155,-0.46206167317635155,-0.00924123346352703,1.0417657467420702,6
2022-06-01,77.11,0.1570483724549345,1,-0.2967624259005929,0.46426117402816314,0.0,0.0,0.46426117402816314,0.9285223480563263,0.0,0.0,0.0,1.0417657467420702,6
2022-06-08,70.43,0.685787306545506,1,-0.08662949033847744,0.4590454352803181,1.0,0.685787306545506,0.4590454352803181,0.9180908705606362,0.685787306545506,0.680787306545506,0.013615746130910121,1.0559501646775882,6
2022-06-15,86.21,-0.5243011251594942,0,0.22405225046145083,0.4590574923658851,1.0,-0.5243011251594942,0.4590574923658851,0.9181149847317702,-0.4590574923658851,-0.4640574923658851,-0.009281149847317703,1.0461497329679157,6
2022-06-22,95.67,-0.425211665098777,0,0.10973204964621286,0.4537472608791678,0.0,-0.0,0.4537472608791678,0.9074945217583356,-0.0,0.0,0.0,1.0461497329679157,6
2022-06-29,51.26,1.062621927428795,0,-0.4641998536636355,0.45719933100550963,0.0,0.0,0.45719933100550963,0.9143986620110193,0.0,0.0,0.0,1.0461497329679157,6
2022-07-06,89.22,0.0867518493611296,1,0.7405384315255561,0.4546560519545123,0.0,0.0,0.4546560519545123,0.9093121039090246,0.0,0.0,0.0,1.0461497329679157,6
2022-07-13,118.73,-0.1585109071001432,0,0.33075543600089663,0.4476385569459492,1.0,-0.1585109071001432,0.4476385569459492,0.8952771138918983,-0.1585109071001432,-0.1635109071001432,-0.0032702181420028644,1.0427285951319125,6
2022-07-20,41.01,1.2123872226286272,1,-0.6545944580139813,0.47956841699880853,0.0,0.0,0.47956841699880853,0.9591368339976171,0.0,0.0,0.0,1.0427285951319125,6
2022-07-27,54.99,0.9723586106564828,1,0.3408924652523775,0.479595589942896,1.0,0.9723586106564828,0.479595589942896,0.959191179885792,0.959191179885792,0.9541911798857919,0.01908382359771584,1.0626278437017038,6
2022-08-03,105.73,-0.3907121914310035,0,0.922713220585561,0.4411020115140556,1.0,-0.3907121914310035,0.4411020115140556,0.8822040230281112,-0.3907121914310035,-0.3957121914310035,-0.00791424382862007,1.0542179478475677,6
2022-08-10,96.96,0.044657590759076,1,-0.082947129480753,0.44267709312903103,0.0,0.0,0.44267709312903103,0.8853541862580621,0.0,0.0,0.0,1.0542179478475677,6
2022-08-17,99.91,-0.5107596837153437,0,0.030424917491749248,0.43893954340438923,1.0,-0.5107596837153437,0.43893954340438923,0.8778790868087785,-0.43893954340438923,-0.44393954340438924,-0.008878790868087785,1.0448577671592445,6
2022-08-24,90.73,-0.4614791138542929,0,-0.09188269442498243,0.4407584672317391,0.0,-0.0,0.4407584672317391,0.8815169344634782,-0.0,0.0,0.0,1.0448577671592445,6
2022-08-31,108.46,-0.4156371012354785,0,0.1954149674859471,0.44075185198865197,0.0,-0.0,0.44075185198865197,0.8815037039773039,-0.0,0.0,0.0,1.0448577671592445,6
2022-09-07,64.42,-0.000620925178516,0,-0.4060483127420247,0.4528329884514558,0.0,-0.0,0.4528329884514558,0.9056659769029116,-0.0,0.0,0.0,1.0448577671592445,6
2022-09-14,101.29,-0.5288774805015303,0,0.5723377832971128,0.4646401829469816,0.0,-0.0,0.4646401829469816,0.9292803658939632,-0.0,0.0,0.0,1.0448577671592445,6
2022-09-21,48.88,0.3091243862520458,0,-0.5174252147299832,0.4845367219971185,0.0,0.0,0.4845367219971185,0.969073443994237,0.0,0.0,0.0,1.0448577671592445,6
2022-09-28,48.86,1.2795742939009416,1,-0.00040916530278234386,0.4791336125151604,0.0,0.0,0.4791336125151604,0.9582672250303208,0.0,0.0,0.0,1.0448577671592445,6
2022-10-05,63.38,0.8876617229409909,1,0.2971756037658617,0.4707296504648783,1.0,0.8876617229409909,0.4707296504648783,0.9414593009297566,0.8876617229409909,0.8826617229409909,0.01765323445881982,1.0633028862990257,6
2022-10-12,64.38,-0.2620378999689344,0,0.015777847901546016,0.4142763172406397,1.0,-0.2620378999689344,0.4142763172406397,0.8285526344812794,-0.2620378999689344,-0.2670378999689344,-0.005340757999378688,1.0576240429032617,6
2022-10-19,47.72,0.559723386420788,1,-0.25877601739670697,0.41264354029193984,0.0,0.0,0.41264354029193984,0.8252870805838797,0.0,0.0,0.0,1.0576240429032617,6
2022-10-26,63.99,0.3841225191436159,1,0.34094719195305956,0.4156660124653027,1.0,0.3841225191436159,0.4156660124653027,0.8313320249306054,0.3841225191436159,0.3791225191436159,0.007582450382872318,1.0656434247323086,6
2022-11-02,111.38,-0.3646974322140419,0,0.7405844663228629,0.44026125342551303,1.0,-0.3646974322140419,0.44026125342551303,0.8805225068510261,-0.3646974322140419,-0.3696974322140419,-0.007393948644280838,1.0577641119767223,6
2022-11-09,119.64,-0.2416415914409896,0,0.0741605315137368,0.4403259495598484,0.0,-0.0,0.4403259495598484,0.8806518991196968,-0.0,0.0,0.0,1.0577641119767223,6
2022-11-16,47.51,0.3081456535466218,0,-0.6028920093614176,0.45075174496255077,0.0,0.0,0.45075174496255077,0.9015034899251015,0.0,0.0,0.0,1.0577641119767223,6
2022-11-23,74.43,-0.2400913610103453,0,0.5666175541991161,0.4392616490288298,0.0,-0.0,0.4392616490288298,0.8785232980576596,-0.0,0.0,0.0,1.0577641119767223,6
2022-11-30,88.57,-0.2422942305521056,0,0.18997715974741358,0.43632960937148096,0.0,-0.0,0.43632960937148096,0.8726592187429619,-0.0,0.0,0.0,1.0577641119767223,6
2022-12-07,70.76,-0.3362068965517242,0,-0.20108388844981362,0.40672731651393923,0.0,-0.0,0.40672731651393923,0.8134546330278785,-0.0,0.0,0.0,1.0577641119767223,6
2022-12-14,90.73,0.0600683346191999,0,0.28222159412097225,0.4051546276089721,0.0,0.0,0.4051546276089721,0.8103092552179442,0.0,0.0,0.0,1.0577641119767223,6
2022-03-16,100.75,0.072456575682382,1,1.260996409335727,0.5197589075614405,1.0,0.072456575682382,0.5197589075614405,1.039517815122881,0.072456575682382,0.06745657568238199,0.0013491315136476398,1.0013491315136476,7
2022-03-23,112.51,-0.1411430095102658,0,0.11672456575682388,0.5114140770578101,1.0,-0.1411430095102658,0.5114140770578101,1.0228281541156201,-0.1411430095102658,-0.1461430095102658,-0.002922860190205316,0.9984223280006497,7
2022-03-30,93.1,0.1600429645542427,1,-0.17251799840014226,0.5153466604669388,0.0,0.0,0.5153466604669388,1.0306933209338776,0.0,0.0,0.0,0.9984223280006497,7
2022-04-06,98.47,-0.1774144409464811,0,0.05767991407089146,0.4942213731198095,1.0,-0.1774144409464811,0.4942213731198095,0.988442746239619,-0.1774144409464811,-0.1824144409464811,-0.003648288818929622,0.9947797949848352,7
2022-04-13,117.76,-0.5484035326086957,0,0.19589722758200478,0.491009028776185,0.0,-0.0,0.491009028776185,0.98201805755237,-0.0,0.0,0.0,0.9947797949848352,7
2022-04-20,108.05,0.014807959278112,0,-0.08245584239130443,0.48480432208156676,0.0,0.0,0.48480432208156676,0.9696086441631335,0.0,0.0,0.0,0.9947797949848352,7
2022-04-27,96.63,-0.2020076580772016,0,-0.10569180934752431,0.4829762463791863,0.0,-0.0,0.4829762463791863,0.9659524927583726,-0.0,0.0,0.0,0.9947797949848352,7
2022-05-04,108.0,-0.3478703703703703,0,0.11766532132877994,0.48299583227387005,0.0,-0.0,0.48299583227387005,0.9659916645477401,-0.0,0.0,0.0,0.9947797949848352,7
2022-05-11,81.0,0.0643209876543209,0,-0.25,0.4717702911379205,0.0,0.0,0.4717702911379205,0.943540582275841,0.0,0.0,0.0,0.9947797949848352,7
2022-05-18,53.18,0.7989845806694247,1,-0.34345679012345676,0.3945292092652924,0.0,0.0,0.3945292092652924,0.7890584185305848,0.0,0.0,0.0,0.9947797949848352,7
2022-05-25,109.65,-0.5325125398996808,0,1.0618653629183905,0.45706167317635155,1.0,-0.5325125398996808,0.45706167317635155,0.9141233463527031,-0.45706167317635155,-0.46206167317635155,-0.00924123346352703,0.9855868026545808,7
2022-06-01,77.11,0.1570483724549345,1,-0.2967624259005929,0.46426117402816314,0.0,0.0,0.46426117402816314,0.9285223480563263,0.0,0.0,0.0,0.9855868026545808,7
2022-06-08,70.43,0.685787306545506,1,-0.08662949033847744,0.4590454352803181,1.0,0.685787306545506,0.4590454352803181,0.9180908705606362,0.685787306545506,0.680787306545506,0.013615746130910121,0.9990063023495009,7
2022-06-15,86.21,-0.5243011251594942,0,0.22405225046145083,0.4590574923658851,1.0,-0.5243011251594942,0.4590574923658851,0.9181149847317702,-0.4590574923658851,-0.4640574923658851,-0.009281149847317703,0.9897343751589806,7
2022-06-22,95.67,-0.425211665098777,0,0.10973204964621286,0.4537472608791678,0.0,-0.0,0.4537472608791678,0.9074945217583356,-0.0,0.0,0.0,0.9897343751589806,7
2022-06-29,51.26,1.062621927428795,0,-0.4641998536636355,0.45719933100550963,0.0,0.0,0.45719933100550963,0.9143986620110193,0.0,0.0,0.0,0.9897343751589806,7
2022-07-06,89.22,0.0867518493611296,1,0.7405384315255561,0.4546560519545123,0.0,0.0,0.4546560519545123,0.9093121039090246,0.0,0.0,0.0,0.9897343751589806,7
2022-07-13,118.73,-0.1585109071001432,0,0.33075543600089663,0.4476385569459492,1.0,-0.1585109071001432,0.4476385569459492,0.8952771138918983,-0.1585109071001432,-0.1635109071001432,-0.0032702181420028644,0.9864977278495718,7
2022-07-20,41.01,1.2123872226286272,1,-0.6545944580139813,0.47956841699880853,0.0,0.0,0.47956841699880853,0.9591368339976171,0.0,0.0,0.0,0.9864977278495718,7
2022-07-27,54.99,0.9723586106564828,1,0.3408924652523775,0.479595589942896,1.0,0.9723586106564828,0.479595589942896,0.959191179885792,0.959191179885792,0.9541911798857919,0.01908382359771584,1.0053238764674004,7
2022-08-03,105.73,-0.3907121914310035,0,0.922713220585561,0.4411020115140556,1.0,-0.3907121914310035,0.4411020115140556,0.8822040230281112,-0.3907121914310035,-0.3957121914310035,-0.00791424382862007,0.9973674981823039,7
2022-08-10,96.96,0.044657590759076,1,-0.082947129480753,0.44267709312903103,0.0,0.0,0.44267709312903103,0.8853541862580621,0.0,0.0,0.0,0.9973674981823039,7
2022-08-17,99.91,-0.5107596837153437,0,0.030424917491749248,0.43893954340438923,1.0,-0.5107596837153437,0.43893954340438923,0.8778790868087785,-0.43893954340438923,-0.44393954340438924,-0.008878790868087785,0.9885120807473153,7
2022-08-24,90.73,-0.4614791138542929,0,-0.09188269442498243,0.4407584672317391,0.0,-0.0,0.4407584672317391,0.8815169344634782,-0.0,0.0,0.0,0.9885120807473153,7
2022-08-31,108.46,-0.4156371012354785,0,0.1954149674859471,0.44075185198865197,0.0,-0.0,0.44075185198865197,0.8815037039773039,-0.0,0.0,0.0,0.9885120807473153,7
2022-09-07,64.42,-0.000620925178516,0,-0.4060483127420247,0.4528329884514558,0.0,-0.0,0.4528329884514558,0.9056659769029116,-0.0,0.0,0.0,0.9885120807473153,7
2022-09-14,101.29,-0.5288774805015303,0,0.5723377832971128,0.4646401829469816,0.0,-0.0,0.4646401829469816,0.9292803658939632,-0.0,0.0,0.0,0.9885120807473153,7
2022-09-21,48.88,0.3091243862520458,0,-0.5174252147299832,0.4845367219971185,0.0,0.0,0.4845367219971185,0.969073443994237,0.0,0.0,0.0,0.9885120807473153,7
2022-09-28,48.86,1.2795742939009416,1,-0.00040916530278234386,0.4791336125151604,0.0,0.0,0.4791336125151604,0.9582672250303208,0.0,0.0,0.0,0.9885120807473153,7
2022-10-05,63.38,0.8876617229409909,1,0.2971756037658617,0.4707296504648783,1.0,0.8876617229409909,0.4707296504648783,0.9414593009297566,0.8876617229409909,0.8826617229409909,0.01765323445881982,1.0059625162741235,7
2022-10-12,64.38,-0.2620378999689344,0,0.015777847901546016,0.4142763172406397,1.0,-0.2620378999689344,0.4142763172406397,0.8285526344812794,-0.2620378999689344,-0.2670378999689344,-0.005340757999378688,1.0005899139182572,7
2022-10-19,47.72,0.559723386420788,1,-0.25877601739670697,0.41264354029193984,0.0,0.0,0.41264354029193984,0.8252870805838797,0.0,0.0,0.0,1.0005899139182572,7
2022-10-26,63.99,0.3841225191436159,1,0.34094719195305956,0.4156660124653027,1.0,0.3841225191436159,0.4156660124653027,0.8313320249306054,0.3841225191436159,0.3791225191436159,0.007582450382872318,1.0081768372941449,7
2022-11-02,111.38,-0.3646974322140419,0,0.7405844663228629,0.44026125342551303,1.0,-0.3646974322140419,0.44026125342551303,0.8805225068510261,-0.3646974322140419,-0.3696974322140419,-0.007393948644280838,1.0007224295348385,7
2022-11-09,119.64,-0.2416415914409896,0,0.0741605315137368,0.4403259495598484,0.0,-0.0,0.4403259495598484,0.8806518991196968,-0.0,0.0,0.0,1.0007224295348385,7
2022-11-16,47.51,0.3081456535466218,0,-0.6028920093614176,0.45075174496255077,0.0,0.0,0.45075174496255077,0.9015034899251015,0.0,0.0,0.0,1.0007224295348385,7
2022-11-23,74.43,-0.2400913610103453,0,0.5666175541991161,0.4392616490288298,0.0,-0.0,0.4392616490288298,0.8785232980576596,-0.0,0.0,0.0,1.0007224295348385,7
2022-11-30,88.57,-0.2422942305521056,0,0.18997715974741358,0.43632960937148096,0.0,-0.0,0.43632960937148096,0.8726592187429619,-0.0,0.0,0.0,1.0007224295348385,7
2022-12-07,70.76,-0.3362068965517242,0,-0.20108388844981362,0.40672731651393923,0.0,-0.0,0.40672731651393923,0.8134546330278785,-0.0,0.0,0.0,1.0007224295348385,7
2022-12-14,90.73,0.0600683346191999,0,0.28222159412097225,0.4051546276089721,0.0,0.0,0.4051546276089721,0.8103092552179442,0.0,0.0,0.0,1.0007224295348385,7
2022-12-21,62.15,0.8119066773934032,1,-0.31500055108563874,0.3660533243021759,0.0,0.0,0.3660533243021759,0.7321066486043518,0.0,0.0,0.0,1.0007224295348385,7
2022-12-28,56.56,-0.2904879773691654,0,-0.08994368463395008,0.36618179390444405,1.0,-0.2904879773691654,0.36618179390444405,0.7323635878088881,-0.2904879773691654,-0.2954879773691654,-0.005909759547383308,0.9948084006026144,7
2023-01-04,67.11,-0.2674713157502608,0,0.1865275813295615,0.3676029794582655,0.0,-0.0,0.3676029794582655,0.735205958916531,-0.0,0.0,0.0,0.9948084006026144,7
2023-01-11,46.97,-0.0274643389397487,0,-0.30010430636268814,0.3746808699721143,0.0,-0.0,0.3746808699721143,0.7493617399442286,-0.0,0.0,0.0,0.9948084006026144,7
2023-01-18,96.18,-0.0903514244125599,0,1.04769001490313,0.4367853762877843,0.0,-0.0,0.4367853762877843,0.8735707525755686,-0.0,0.0,0.0,0.9948084006026144,7
2023-01-25,112.61,-0.5591865731284966,0,0.17082553545435641,0.4217087157090737,0.0,-0.0,0.4217087157090737,0.8434174314181474,-0.0,0.0,0.0,0.9948084006026144,7
2023-02-01,40.13,0.5848492399700971,0,-0.6436373323861113,0.4388449854642605,0.0,0.0,0.4388449854642605,0.877689970928521,0.0,0.0,0.0,0.9948084006026144,7
2023-02-08,49.16,1.0002034174125307,1,0.2250186892599051,0.41936401635722376,0.0,0.0,0.41936401635722376,0.8387280327144475,0.0,0.0,0.0,0.9948084006026144,7
2023-02-15,45.68,0.4122154115586691,1,-0.07078925956061832,0.42042372108403453,1.0,0.4122154115586691,0.42042372108403453,0.8408474421680691,0.4122154115586691,0.4072154115586691,0.008144308231173382,1.0029104268480828,7
2023-02-22,87.49,-0.1487027088810149,0,0.9152802101576181,0.45804925070341174,1.0,-0.1487027088810149,0.45804925070341174,0.9160985014068235,-0.1487027088810149,-0.1537027088810149,-0.003074054177620298,0.9998274258606515,7
2023-03-01,49.64,0.4093473005640611,1,-0.43262087095668067,0.4737960385381387,0.0,0.0,0.4737960385381387,0.9475920770762774,0.0,0.0,0.0,0.9998274258606515,7
2023-03-08,63.6,-0.3389937106918239,0,0.28122481869460114,0.468152194630798,1.0,-0.3389937106918239,0.468152194630798,0.936304389261596,-0.3389937106918239,-0.3439937106918239,-0.006879874213836477,0.9929487389351863,7
2023-03-15,98.33,-0.0423065188650462,0,0.5460691823899371,0.47547729265180716,0.0,-0.0,0.47547729265180716,0.9509545853036143,-0.0,0.0,0.0,0.9929487389351863,7
2023-03-22,64.51,-0.2057045419314835,0,-0.3439438625038136,0.46369532811727615,0.0,-0.0,0.46369532811727615,0.9273906562345523,-0.0,0.0,0.0,0.9929487389351863,7
2023-03-29,74.48,-0.4296455424274974,0,0.1545496822198109,0.4640425286279045,0.0,-0.0,0.4640425286279045,0.928085057255809,-0.0,0.0,0.0,0.9929487389351863,7
2022-06-29,51.26,1.062621927428795,0,-0.4641998536636355,0.4571993310055098,0.0,0.0,0.4571993310055098,0.9143986620110196,0.0,0.0,0.0,1.0,8
2022-07-06,89.22,0.0867518493611296,1,0.7405384315255561,0.4546560519545124,0.0,0.0,0.4546560519545124,0.9093121039090248,0.0,0.0,0.0,1.0,8
2022-07-13,118.73,-0.1585109071001432,0,0.33075543600089663,0.4476385569459493,1.0,-0.1585109071001432,0.4476385569459493,0.8952771138918986,-0.1585109071001432,-0.1635109071001432,-0.0032702181420028644,0.9967297818579971,8
2022-07-20,41.01,1.2123872226286272,1,-0.6545944580139813,0.4795684169988086,0.0,0.0,0.4795684169988086,0.9591368339976172,0.0,0.0,0.0,0.9967297818579971,8
2022-07-27,54.99,0.9723586106564828,1,0.3408924652523775,0.4795955899428961,1.0,0.9723586106564828,0.4795955899428961,0.9591911798857922,0.9591911798857922,0.9541911798857922,0.019083823597715845,1.0157511971895647,8
2022-08-03,105.73,-0.3907121914310035,0,0.922713220585561,0.4411020115140557,1.0,-0.3907121914310035,0.4411020115140557,0.8822040230281114,-0.3907121914310035,-0.3957121914310035,-0.00791424382862007,1.007712294545794,8
2022-08-10,96.96,0.044657590759076,1,-0.082947129480753,0.4426770931290311,0.0,0.0,0.4426770931290311,0.8853541862580622,0.0,0.0,0.0,1.007712294545794,8
2022-08-17,99.91,-0.5107596837153437,0,0.030424917491749248,0.43893954340438934,1.0,-0.5107596837153437,0.43893954340438934,0.8778790868087787,-0.43893954340438934,-0.44393954340438935,-0.008878790868087787,0.998765027827321,8
2022-08-24,90.73,-0.4614791138542929,0,-0.09188269442498243,0.4407584672317392,0.0,-0.0,0.4407584672317392,0.8815169344634785,-0.0,0.0,0.0,0.998765027827321,8
2022-08-31,108.46,-0.4156371012354785,0,0.1954149674859471,0.4407518519886521,0.0,-0.0,0.4407518519886521,0.8815037039773042,-0.0,0.0,0.0,0.998765027827321,8
2022-09-07,64.42,-0.000620925178516,0,-0.4060483127420247,0.4528329884514559,0.0,-0.0,0.4528329884514559,0.9056659769029118,-0.0,0.0,0.0,0.998765027827321,8
2022-09-14,101.29,-0.5288774805015303,0,0.5723377832971128,0.4646401829469817,0.0,-0.0,0.4646401829469817,0.9292803658939633,-0.0,0.0,0.0,0.998765027827321,8
2022-09-21,48.88,0.3091243862520458,0,-0.5174252147299832,0.48453672199711856,0.0,0.0,0.48453672199711856,0.9690734439942371,0.0,0.0,0.0,0.998765027827321,8
2022-09-28,48.86,1.2795742939009416,1,-0.00040916530278234386,0.4791336125151605,0.0,0.0,0.4791336125151605,0.958267225030321,0.0,0.0,0.0,0.998765027827321,8
2022-10-05,63.38,0.8876617229409909,1,0.2971756037658617,0.4707296504648784,1.0,0.8876617229409909,0.4707296504648784,0.9414593009297568,0.8876617229409909,0.8826617229409909,0.01765323445881982,1.0163964610328264,8
2022-10-12,64.38,-0.2620378999689344,0,0.015777847901546016,0.4142763172406398,1.0,-0.2620378999689344,0.4142763172406398,0.8285526344812796,-0.2620378999689344,-0.2670378999689344,-0.005340757999378688,1.0109681335030252,8
2022-10-19,47.72,0.559723386420788,1,-0.25877601739670697,0.41264354029193995,0.0,0.0,0.41264354029193995,0.8252870805838799,0.0,0.0,0.0,1.0109681335030252,8
2022-10-26,63.99,0.3841225191436159,1,0.34094719195305956,0.4156660124653028,1.0,0.3841225191436159,0.4156660124653028,0.8313320249306057,0.3841225191436159,0.3791225191436159,0.007582450382872318,1.018633749213977,8
2022-11-02,111.38,-0.3646974322140419,0,0.7405844663228629,0.44026125342551314,1.0,-0.3646974322140419,0.44026125342551314,0.8805225068510263,-0.3646974322140419,-0.3696974322140419,-0.007393948644280838,1.0111020235849575,8
2022-11-09,119.64,-0.2416415914409896,0,0.0741605315137368,0.4403259495598485,0.0,-0.0,0.4403259495598485,0.880651899119697,-0.0,0.0,0.0,1.0111020235849575,8
2022-11-16,47.51,0.3081456535466218,0,-0.6028920093614176,0.4507517449625509,0.0,0.0,0.4507517449625509,0.9015034899251018,0.0,0.0,0.0,1.0111020235849575,8
2022-11-23,74.43,-0.2400913610103453,0,0.5666175541991161,0.43926164902882997,0.0,-0.0,0.43926164902882997,0.8785232980576599,-0.0,0.0,0.0,1.0111020235849575,8
2022-11-30,88.57,-0.2422942305521056,0,0.18997715974741358,0.4363296093714811,0.0,-0.0,0.4363296093714811,0.8726592187429622,-0.0,0.0,0.0,1.0111020235849575,8
2022-12-07,70.76,-0.3362068965517242,0,-0.20108388844981362,0.40672731651393934,0.0,-0.0,0.40672731651393934,0.8134546330278787,-0.0,0.0,0.0,1.0111020235849575,8
2022-12-14,90.73,0.0600683346191999,0,0.28222159412097225,0.4051546276089722,0.0,0.0,0.4051546276089722,0.8103092552179444,0.0,0.0,0.0,1.0111020235849575,8
2022-12-21,62.15,0.8119066773934032,1,-0.31500055108563874,0.366053324302176,0.0,0.0,0.366053324302176,0.732106648604352,0.0,0.0,0.0,1.0111020235849575,8
2022-12-28,56.56,-0.2904879773691654,0,-0.08994368463395008,0.36618179390444416,1.0,-0.2904879773691654,0.36618179390444416,0.7323635878088883,-0.2904879773691654,-0.2954879773691654,-0.005909759547383308,1.0051266537476977,8
2023-01-04,67.11,-0.2674713157502608,0,0.1865275813295615,0.3676029794582656,0.0,-0.0,0.3676029794582656,0.7352059589165312,-0.0,0.0,0.0,1.0051266537476977,8
2023-01-11,46.97,-0.0274643389397487,0,-0.30010430636268814,0.3746808699721144,0.0,-0.0,0.3746808699721144,0.7493617399442288,-0.0,0.0,0.0,1.0051266537476977,8
2023-01-18,96.18,-0.0903514244125599,0,1.04769001490313,0.4367853762877844,0.0,-0.0,0.4367853762877844,0.8735707525755688,-0.0,0.0,0.0,1.0051266537476977,8
2023-01-25,112.61,-0.5591865731284966,0,0.17082553545435641,0.4217087157090738,0.0,-0.0,0.4217087157090738,0.8434174314181476,-0.0,0.0,0.0,1.0051266537476977,8
2023-02-01,40.13,0.5848492399700971,0,-0.6436373323861113,0.4388449854642606,0.0,0.0,0.4388449854642606,0.8776899709285212,0.0,0.0,0.0,1.0051266537476977,8
2023-02-08,49.16,1.0002034174125307,1,0.2250186892599051,0.4193640163572238,0.0,0.0,0.4193640163572238,0.8387280327144476,0.0,0.0,0.0,1.0051266537476977,8
2023-02-15,45.68,0.4122154115586691,1,-0.07078925956061832,0.42042372108403464,1.0,0.4122154115586691,0.42042372108403464,0.8408474421680693,0.4122154115586691,0.4072154115586691,0.008144308231173382,1.0133127150271868,8
2023-02-22,87.49,-0.1487027088810149,0,0.9152802101576181,0.45804925070341185,1.0,-0.1487027088810149,0.45804925070341185,0.9160985014068237,-0.1487027088810149,-0.1537027088810149,-0.003074054177620298,1.0101977368423216,8
2023-03-01,49.64,0.4093473005640611,1,-0.43262087095668067,0.47379603853813873,0.0,0.0,0.47379603853813873,0.9475920770762775,0.0,0.0,0.0,1.0101977368423216,8
2023-03-08,63.6,-0.3389937106918239,0,0.28122481869460114,0.4681521946307981,1.0,-0.3389937106918239,0.4681521946307981,0.9363043892615962,-0.3389937106918239,-0.3439937106918239,-0.006879874213836477,1.0032477034817442,8
2023-03-15,98.33,-0.0423065188650462,0,0.5460691823899371,0.47547729265180727,0.0,-0.0,0.47547729265180727,0.9509545853036145,-0.0,0.0,0.0,1.0032477034817442,8
2023-03-22,64.51,-0.2057045419314835,0,-0.3439438625038136,0.4636953281172762,0.0,-0.0,0.4636953281172762,0.9273906562345524,-0.0,0.0,0.0,1.0032477034817442,8
2023-03-29,74.48,-0.4296455424274974,0,0.1545496822198109,0.4640425286279046,0.0,-0.0,0.4640425286279046,0.9280850572558093,-0.0,0.0,0.0,1.0032477034817442,8
2023-04-05,69.96,0.6010577472841625,0,-0.06068743286788414,0.43721428607499413,0.0,0.0,0.43721428607499413,0.8744285721499883,0.0,0.0,0.0,1.0032477034817442,8
2023-04-12,42.04,1.823977164605138,1,-0.3990851915380217,0.4369236548026881,0.0,0.0,0.4369236548026881,0.8738473096053762,0.0,0.0,0.0,1.0032477034817442,8
2023-04-19,94.17,-0.4443028565360518,0,1.2400095147478591,0.5106024437010215,1.0,-0.4443028565360518,0.5106024437010215,1.021204887402043,-0.4443028565360518,-0.4493028565360518,-0.008986057130721035,0.9942324623019926,8
2023-04-26,51.24,0.1855971896955504,1,-0.4558776680471488,0.5218181794824654,0.0,0.0,0.5218181794824654,1.043636358964931,0.0,0.0,0.0,0.9942324623019926,8
2023-05-03,42.48,0.5955743879472695,1,-0.17096018735363006,0.5231842761589027,1.0,0.5955743879472695,0.5231842761589027,1.0463685523178055,0.5955743879472695,0.5905743879472695,0.01181148775894539,1.0059758268600187,8
2023-05-10,112.01,0.0669583072939916,1,1.6367702448210926,0.6198593151155679,1.0,0.0669583072939916,0.6198593151155679,1.2397186302311358,0.0669583072939916,0.061958307293991606,0.0012391661458798322,1.0072223980482373,8
2023-05-17,118.72,-0.636455525606469,0,0.05990536559235782,0.6174296902501144,1.0,-0.636455525606469,0.6174296902501144,1.2348593805002288,-0.6174296902501144,-0.6224296902501144,-0.012448593805002288,0.9946838955436345,8
2023-05-24,52.33,0.5797821517294095,1,-0.5592149595687332,0.6391082117756209,0.0,0.0,0.6391082117756209,1.2782164235512419,0.0,0.0,0.0,0.9946838955436345,8
2023-05-31,60.75,0.8134979423868314,1,0.16090196827823422,0.6305796032710927,1.0,0.8134979423868314,0.6305796032710927,1.2611592065421855,0.8134979423868314,0.8084979423868314,0.01616995884773663,1.0107678932010813,8
2023-06-07,67.78,0.285039834759516,1,0.11572016460905354,0.5953757620709493,1.0,0.285039834759516,0.5953757620709493,1.1907515241418987,0.285039834759516,0.280039834759516,0.00560079669519032,1.0164289986769264,8
2023-06-14,119.51,-0.3357041251778094,0,0.7632044850988493,0.6126029883054733,1.0,-0.3357041251778094,0.6126029883054733,1.2252059766109467,-0.3357041251778094,-0.3407041251778094,-0.006814082503556188,1.0095029676209348,8
2023-06-21,43.16,0.989805375347544,1,-0.6388586729144006,0.6122787845229513,0.0,0.0,0.6122787845229513,1.2245575690459025,0.0,0.0,0.0,1.0095029676209348,8
2023-06-28,82.67,0.3481311237450102,1,0.9154309545875814,0.6358396452241604,1.0,0.3481311237450102,0.6358396452241604,1.2716792904483207,0.3481311237450102,0.3431311237450102,0.006862622474900204,1.0164308053750086,8
2023-07-05,110.17,-0.623037124444041,0,0.3326478771017298,0.633765536047184,1.0,-0.623037124444041,0.633765536047184,1.267531072094368,-0.623037124444041,-0.628037124444041,-0.012560742488880821,1.0036636797709273,8
2023-07-12,87.1,-0.211251435132032,0,-0.20940364890623586,0.6169132281160112,0.0,-0.0,0.6169132281160112,1.2338264562320225,-0.0,0.0,0.0,1.0036636797709273,8
