date,crude_actual,crude_forecast,gas_actual,gas_forecast,dist_actual,dist_forecast,close,atr_pct,crude_surprise,crude_surprise_pct,gasoline_surprise,gasoline_surprise_pct,distillates_surprise,distillates_surprise_pct,cushing_surprise,cushing_surprise_pct,return_5d,target,return_1d,return_2d,return_3d,roll_vol_10,roll_vol_20,future_return_5d,signal,vol,momentum,macro_edge,macro_norm,regime,strategy_signal,strategy_return,equity_curve
2020-02-05,373.4,351.38,289.55,246.08,173.64,165.88,69.48,0.0433,22.019999999999985,0.0626671977270555,0,0,0,0,0,0,0.375935521013241,1,-0.4147574123989218,0.3341013824884793,-0.2723845428840715,0.5383270128136934,0.5392377118455934,0.3759355210132411,-1,,,,,-1,0,0.0,1.0
2020-02-12,358.71,365.22,238.92,220.63,193.44,169.23,101.67,0.0178,-6.510000000000048,-0.0178248726306751,0,0,0,0,0,0,0.1697649257401397,1,0.4632987910189983,-0.143615229110512,0.952188940092166,0.5383270128136934,0.5392377118455934,0.1697649257401396,-1,,,,,-1,0,0.0,1.0
2020-02-19,479.93,449.53,201.08,236.43,192.56,184.92,89.33,0.0689,30.40000000000003,0.067626187200796,0,0,0,0,0,0,-0.2598231277286465,0,-0.1213730697354185,0.2856937248128957,-0.2475572776280323,0.5383270128136934,0.5392377118455934,-0.2598231277286466,-1,,,,,-1,0,-0.0,1.0
2020-02-26,440.17,350.76,290.54,250.34,145.08,124.97,56.04,0.0069,89.41000000000003,0.2549036370883122,0,0,0,0,0,0,-0.0967166309778729,0,-0.3726631590730997,-0.4488049572145175,-0.1934369602763386,0.5383270128136934,0.5392377118455934,-0.0967166309778729,-1,,,,,-1,0,-0.0,1.0
2020-03-04,456.21,374.12,209.13,269.04,111.32,148.94,76.42,0.0379,82.08999999999997,0.2194215753784304,0,0,0,0,0,0,0.1896100497252027,1,0.3636688079942898,-0.1445203179223104,-0.2483525130323596,0.5383270128136934,0.5392377118455934,0.1896100497252026,-1,,,,,-1,0,0.0,1.0
2020-03-11,353.09,432.31,231.93,203.93,198.48,122.12,95.6,0.0162,-79.22000000000003,-0.1832481317035273,0,0,0,0,0,0,0.1472803347280336,1,0.2509814184768384,0.705924339757316,0.0701891861636627,0.5383270128136934,0.5392377118455934,0.1472803347280336,-1,,,,,-1,0,0.0,1.0
2020-03-18,495.49,453.78,295.01,279.94,183.89,198.77,118.93,0.0503,41.71000000000003,0.0919167876682164,0,0,0,0,0,0,-0.2952997561590852,0,0.2440376569037659,0.5562679926720755,1.1222341184867952,0.5252112693986354,0.5392377118455934,-0.2952997561590852,-1,,,,,-1,0,-0.0,1.0
2020-03-25,474.87,447.79,295.06,262.79,112.47,194.41,66.12,0.071,27.079999999999984,0.0604747759876844,0,0,0,0,0,0,-0.3219903206291591,0,-0.4440427142016312,-0.30836820083682,-0.1347814708191572,0.5550929899647179,0.5392377118455934,-0.3219903206291592,-1,,,,,-1,0,-0.0,1.0
2020-04-01,381.85,383.64,257.34,208.18,192.08,103.94,50.62,0.0288,-1.7899999999999636,-0.0046658325391881,0,0,0,0,0,0,0.0780323982615567,1,-0.2344222625529342,-0.5743714790212731,-0.4705020920502092,0.5355813654781477,0.5392377118455934,0.0780323982615567,-1,,,,,-1,0,0.0,1.0
2020-04-08,377.27,456.83,263.18,287.36,186.99,170.56,90.91,0.0548,-79.56,-0.1741566881024523,0,0,0,0,0,0,0.3167968320316797,1,0.7959304622678782,0.3749243799153052,-0.2356007735642815,0.428505538540331,0.5392377118455934,0.3167968320316796,-1,,,0.2566375689855929,0.016056191641171988,-1,0,0.0,1.0
2020-04-15,377.51,385.59,244.84,292.09,151.88,192.52,109.68,0.0088,-8.079999999999984,-0.0209549002283386,0,0,0,0,0,0,-0.4473924142961342,0,0.2064679353206469,1.1667325167917824,0.6588021778584392,0.3970214755440428,0.5392377118455934,-0.4473924142961343,-1,,0.5785837651122625,0.26537227658706947,0.0288553700726148,-1,0,-0.0,1.0
2020-04-22,395.64,398.81,229.32,206.11,159.13,118.06,83.81,0.0399,-3.170000000000016,-0.0079486472055649,0,0,0,0,0,0,-0.168595632979358,0,-0.2358679795769511,-0.0780992190078099,0.6556696957724222,0.3904144193752765,0.5392377118455934,-0.1685956329793579,-1,,-0.17566637159437393,0.25533982345231554,0.01415457370536183,-1,0,-0.0,1.0
2020-04-29,428.71,461.97,232.87,227.69,139.9,156.79,44.83,0.076,-33.26000000000005,-0.0719960169015391,0,0,0,0,0,0,0.7606513495427172,1,-0.4650996301157379,-0.5912654996353027,-0.5068749312506875,0.4206746429229898,0.5392377118455934,0.7606513495427172,-1,,-0.4981529161535878,0.3603801861691773,0.16807275920813922,-1,0,0.0,1.0
2020-05-06,414.79,447.44,267.25,280.62,105.48,191.55,54.57,0.0382,-32.64999999999998,-0.0729706774696703,0,0,0,0,0,0,0.0417811984606927,1,0.2172652241802364,-0.3488843813387424,-0.5024617067833699,0.401852636406771,0.5392377118455934,0.0417811984606926,-1,,-0.02623126338329762,0.3582116931065747,0.16489521384521205,-1,0,0.0,1.0
2020-05-13,393.68,477.38,275.24,274.83,133.52,103.39,119.71,0.0597,-83.69999999999999,-0.1753320202452301,0,0,0,0,0,0,-0.5458190627349429,0,1.1936961700568078,1.6703100602275265,0.4283498389213696,0.5334485822905811,0.5392377118455934,-0.5458190627349429,-1,,0.566474744831196,0.3953866939105769,0.21936864217142438,-1,0,-0.0,1.0
2020-05-20,441.78,448.64,279.16,218.45,180.29,169.74,60.61,0.0349,-6.860000000000014,-0.0152906561713386,0,0,0,0,0,0,0.8092723972941759,1,-0.4936930916381254,0.1106835257467473,0.3519964309614098,0.5690252052377522,0.5392377118455934,0.8092723972941758,-1,,-0.36600418410041835,0.4777164556914576,0.34000843451817025,-1,0,0.0,1.0
2020-05-27,370.92,435.25,278.96,220.93,100.46,129.73,69.68,0.0159,-64.32999999999998,-0.1478001145369325,0,0,0,0,0,0,0.6869977037887484,1,0.1496452730572515,-0.4179266560855399,0.2768920652373099,0.5667511066218862,0.5334251330666141,0.6869977037887482,-1,,-0.4141091398301522,0.5052510951232659,0.38035560802556756,-1,0,0.0,1.0
2020-06-03,393.82,364.05,209.12,237.05,133.35,192.44,78.93,0.0649,29.769999999999985,0.0817744813026383,0,0,0,0,0,0,-0.0333206638793869,0,0.1327497129735935,0.30226035307705,-0.3406565867513156,0.5373243914035475,0.5322631390451059,-0.0333206638793869,-1,,0.19373865698729587,0.4849701914647032,0.3506375090896666,-1,0,-0.0,1.0
2020-06-10,404.95,405.16,249.44,248.45,139.82,197.11,56.85,0.0372,-0.2100000000000363,-0.0005183137513123,0,0,0,0,0,0,0.309938434476693,1,-0.2797415431394907,-0.1841274397244546,-0.0620359676621019,0.540887603389381,0.523993007535579,0.3099384344766929,-1,,0.12307388384037932,0.4866965430506851,0.3531671738469221,-1,0,0.0,1.0
2020-06-17,418.41,389.78,205.76,261.83,153.74,194.43,54.37,0.0312,28.630000000000052,0.0734516905088726,0,0,0,0,0,0,0.8192017656796028,1,-0.0436235708003518,-0.3111617889268974,-0.2197187141216993,0.4871715990470524,0.4466062929149734,0.8192017656796027,-1,,-0.40193598064019365,0.527413887983681,0.412831284751324,-1,0,0.0,1.0
2020-06-24,467.78,386.6,254.95,236.89,191.99,147.42,109.66,0.0388,81.17999999999995,0.2099844795396158,0,0,0,0,0,0,-0.4850446835673901,0,1.0169210961927533,0.9289357959542656,0.3893323197770175,0.5773459984130764,0.4822464735230853,-0.48504468356739,-1,0.4822464735230853,-0.00018234865062005667,0.5328402558549731,0.4207826729131412,-1,0,-0.0,1.0
2020-07-01,379.95,495.95,244.15,246.25,134.63,186.2,117.55,0.0504,-116.0,-0.2338945453495422,0,0,0,0,0,0,-0.5766056997022544,0,0.0719496625934708,1.1620378885414753,1.0677220756376429,0.5643702762059024,0.4753548469589177,-0.5766056997022544,-1,0.47535484695891767,0.40257725808376077,0.5794434698479692,0.48907149019126495,-1,0,-0.0,1.0
2020-07-08,427.14,408.96,288.77,274.75,134.7,184.45,76.3,0.0355,18.180000000000007,0.044454225243412,0,0,0,0,0,0,0.5587155963302753,1,-0.3509145044661846,-0.3042130220682109,0.4033474342468273,0.5515520179783672,0.4836202306874442,0.5587155963302755,-1,0.4836202306874442,0.7019852777158153,0.5601052895180244,0.4607347865630243,-1,0,0.0,1.0
2020-07-15,438.86,483.81,235.09,203.67,173.75,131.91,74.47,0.0623,-44.94999999999999,-0.0929083729296451,0,0,0,0,0,0,0.0910433731704042,1,-0.0239842726081257,-0.366482347937048,-0.3209009666241108,0.5541084136085322,0.4723633011086549,0.0910433731704041,-1,0.4723633011086548,0.3646692321788527,0.5591804228015793,0.45937955698131716,-1,0,0.0,1.0
2020-07-22,356.97,444.67,211.71,225.24,145.22,182.89,98.91,0.0366,-87.69999999999999,-0.1972249079154768,0,0,0,0,0,0,-0.4323122030128399,0,0.3281858466496576,0.2963302752293577,-0.158570820927265,0.4228054170802517,0.4714007386640953,-0.4323122030128399,-1,0.47140073866409526,-0.17375323698939105,0.5441332627706341,0.43733058924140267,-1,0,-0.0,1.0
2020-07-29,441.13,469.22,214.3,271.33,122.46,103.7,56.47,0.014,-28.090000000000032,-0.0598653082565421,0,0,0,0,0,0,-0.0407295909332388,0,-0.4290769386310787,-0.2417080703639049,-0.2598951507208388,0.4139616115272088,0.4844223752280355,-0.0407295909332388,-1,0.4844223752280355,-0.06830556013859101,0.4984818213529578,0.37043642735112653,-1,0,-0.0,1.0
2020-08-05,375.58,425.4,276.15,289.52,145.24,159.63,49.77,0.0332,-49.81999999999999,-0.117113304849287,0,0,0,0,0,0,1.2003214788024914,1,-0.1186470692403045,-0.4968152866242038,-0.3316771854438028,0.4159943737372956,0.4842669650896991,1.2003214788024916,-1,0.484266965089699,-0.28573478760045923,0.5856270873968495,0.49813249463136106,-1,0,0.0,1.0
2020-08-12,359.76,436.54,261.82,251.17,114.09,123.0,118.93,0.0673,-76.78000000000003,-0.1758830801853597,0,0,0,0,0,0,-0.2204658202303877,0,1.3895921237693392,1.106074021604392,0.2024062278839349,0.5996730586514774,0.5543725228112049,-0.2204658202303877,-1,0.5543725228112049,0.5067781578613961,0.5947403253036644,0.5114863426797828,-1,0,-0.0,1.0
2020-08-19,492.33,423.88,210.11,253.21,117.64,112.06,81.25,0.0521,68.44999999999999,0.1614843819914023,0,0,0,0,0,0,0.4544,1,-0.3168250231228454,0.6325095439019488,0.4388170710111563,0.6027741596848614,0.5576091715508994,0.4543999999999999,-1,0.5576091715508994,0.42919964819700973,0.6015174424321256,0.5214170164167374,-1,0,0.0,1.0
2020-08-26,494.84,379.29,208.41,210.72,149.84,107.7,56.15,0.0717,115.54999999999995,0.3046481575980168,0,0,0,0,0,0,0.2881567230632235,1,-0.3089230769230769,-0.527873539056588,0.1281896724934699,0.6180042359349855,0.5434683656594551,0.2881567230632236,-1,0.5434683656594551,0.03273864263380544,0.5563273000026787,0.45519880709751187,-1,0,0.0,1.0
2020-09-02,471.26,458.37,270.1,244.74,141.89,169.63,54.17,0.0674,12.889999999999986,0.0281213865913532,0,0,0,0,0,0,0.9462802289089904,1,-0.0352626892252893,-0.3332923076923076,-0.5445219877238712,0.5331829891519001,0.5432425966302982,0.9462802289089902,-1,0.5432425966302981,-0.5060186029545869,0.5774530714507838,0.4861549112515272,-1,0,0.0,1.0
2020-09-09,395.69,392.12,207.28,253.26,191.48,133.99,109.51,0.0069,3.569999999999993,0.0091043557862277,0,0,0,0,0,0,-0.1266550999908684,0,1.0215986708510243,0.950311665182547,0.3478153846153846,0.620726927080823,0.5776663382165501,-0.1266550999908684,-1,0.57766633821655,-0.06839642705231808,0.5228363163125657,0.40612365820279256,-1,0,-0.0,1.0
2020-09-16,364.65,353.65,282.19,224.25,136.24,172.48,92.71,0.0702,11.0,0.0311041989789221,0,0,0,0,0,0,-0.0477834106353143,0,-0.1534106474294586,0.711463909913236,0.6511130899376669,0.6072302857398284,0.5647472877772006,-0.0477834106353143,-1,0.5647472877772005,0.21507208387942334,0.5210396400534626,0.4034909450001308,-1,0,-0.0,1.0
2020-09-23,452.63,446.82,270.62,226.92,158.06,106.54,118.17,0.015,5.810000000000002,0.0130029989414014,0,0,0,0,0,0,-0.3371414064483372,0,0.2746197821162766,0.0790795361154232,1.1814657559534796,0.605866222565218,0.565260902917727,-0.3371414064483371,-1,0.565260902917727,0.5868134819390358,0.548864394976046,0.4442632317570578,-1,0,-0.0,1.0
2020-09-30,416.02,376.57,208.13,237.73,163.23,131.53,72.33,0.0375,39.44999999999999,0.1047613986648925,0,0,0,0,0,0,0.2253560071892713,1,-0.3879157146483879,-0.2198252615683313,-0.3395123732992421,0.6264304552091424,0.5206163317287988,0.2253560071892713,-1,0.5206163317287988,-0.2687291477100394,0.506666214847888,0.38242921720445183,-1,0,0.0,1.0
2020-10-07,368.31,491.07,208.48,202.01,101.31,153.95,105.43,0.0503,-122.76,-0.249984726719236,0,0,0,0,0,0,-0.6148155174049132,0,0.4576247753352691,-0.1078107810781078,0.1372020278287133,0.6066739319373965,0.5095366745540022,-0.6148155174049132,-1,0.5095366745540022,0.8670090313440766,0.5698586109684436,0.4750265645181366,-1,0,-0.0,1.0
2020-10-14,424.28,493.09,298.66,232.21,166.35,179.07,95.64,0.0351,-68.81,-0.1395485608315955,0,0,0,0,0,0,-0.2876411543287328,0,-0.0928578203547377,0.3222729158025716,-0.1906575272911906,0.6053060151044833,0.5116681787510379,-0.2876411543287328,-1,0.5116681787510378,0.9216395418927064,0.4557353528928055,0.30779899263687854,-1,0,-0.0,1.0
2020-10-21,355.16,487.23,237.43,221.14,117.8,131.88,88.28,0.046,-132.07,-0.2710629471275107,0,0,0,0,0,0,-0.0583371091980064,0,-0.0769552488498536,-0.1626671725315375,0.2205170745195632,0.434555262094307,0.5132718954290517,-0.0583371091980063,-1,0.5132718954290517,-0.257714622046582,0.4487454984901694,0.29755658982375843,-1,0,-0.0,1.0
2020-10-28,486.4,405.52,237.06,232.75,196.11,162.59,78.33,0.0713,80.88,0.1994476223134552,0,0,0,0,0,0,-0.3043533767394357,0,-0.1127095604893521,-0.18099121706399,-0.2570425874988145,0.420597674069339,0.5081505342005336,-0.3043533767394356,-1,0.5081505342005335,-0.035938461538461586,0.43563236568108493,0.27834159897617616,-1,0,-0.0,1.0
2020-11-04,388.82,352.32,281.28,211.98,114.87,188.6,88.63,0.0305,36.5,0.1035990006142171,0,0,0,0,0,0,-0.3170484034751212,0,0.1314949572322226,0.0039646579066605,-0.0732956921790046,0.4004139746354644,0.5069536297524696,-0.3170484034751212,-1,0.5069536297524695,0.5784505788067675,0.42823618360479065,0.2675037943895719,-1,0,-0.0,1.0
2020-11-11,449.38,489.25,294.72,289.05,141.46,161.59,40.61,0.0521,-39.870000000000005,-0.0814920795472824,0,0,0,0,0,0,1.8591479931051464,1,-0.5418030012411148,-0.4815524064853823,-0.5399864068871771,0.4488993830154163,0.4799709314251802,1.859147993105147,-1,0.4799709314251802,-0.25032305704264357,0.6909322632288071,0.6524387172002589,-1,0,0.0,1.0
2020-11-18,396.76,414.23,298.6,259.36,108.53,123.3,68.13,0.0212,-17.470000000000027,-0.0421746371769919,0,0,0,0,0,0,0.0697196536034052,1,0.6776655996060084,-0.2312986573395012,-0.1302183071620068,0.3731370292168991,0.5009894136855725,0.0697196536034052,-1,0.5009894136855725,-0.37786503515660674,0.6897514592254664,0.6507084565182912,-1,0,0.0,1.0
2020-11-25,428.01,495.0,275.34,267.91,199.69,102.44,83.13,0.0567,-66.99000000000001,-0.1353333330599326,0,0,0,0,0,0,0.272825694695056,1,0.2201673271686481,1.0470327505540509,-0.0620557373349881,0.3728169731230227,0.4921384096742501,0.272825694695056,-1,0.49213840967425004,-0.10333297378923523,0.6937569108589924,0.6565777417302366,-1,0,0.0,1.0
2020-12-02,432.01,494.54,237.63,278.92,150.22,187.01,54.49,0.073,-62.53000000000003,-0.1264407325465266,0,0,0,0,0,0,-0.0192695907505965,0,-0.3445206303380247,-0.2002054895053573,0.3417877370105886,0.383536182598175,0.5013545155877112,-0.0192695907505965,-1,0.501354515587711,-0.5388846576965389,0.681176523953284,0.6381433963475097,-1,0,-0.0,1.0
2020-12-09,377.73,477.95,208.35,249.84,159.54,102.13,60.53,0.0411,-100.21999999999996,-0.2096872053359405,0,0,0,0,0,0,0.4632413679167353,1,0.1108460267939071,-0.27186334656562,-0.1115514457654482,0.3602153038317187,0.4980157354595556,0.4632413679167353,-1,0.49801573545955563,-0.16314115857873634,0.6908032782095506,0.6522497123300595,-1,0,0.0,1.0
2020-12-16,495.44,394.17,277.71,208.69,106.71,187.47,116.11,0.0185,101.26999999999998,0.256919602565087,0,0,0,0,0,0,-0.5614503488071656,0,0.9182223690731868,1.1308496971921451,0.3967280163599183,0.439795099363482,0.5179296907358758,-0.5614503488071656,-1,0.5179296907358757,0.10129944038698646,0.6847932101356771,0.6434430141356493,-1,0,-0.0,1.0
2020-12-23,466.27,407.76,255.84,253.71,175.0,152.89,72.88,0.0666,58.50999999999999,0.1434912690222403,0,0,0,0,0,0,-0.3102360043907792,0,-0.3723193523382999,0.2040310589790186,0.3374931180033031,0.4609996164798086,0.5275013180550124,-0.3102360043907792,-1,0.5275013180550124,-0.23797574236721042,0.6862928189838257,0.6456404272719035,-1,0,-0.0,1.0
2020-12-30,490.92,477.67,242.42,258.68,120.99,193.91,105.81,0.0656,13.25,0.0277388154421696,0,0,0,0,0,0,0.054153671675645,1,0.4518386388583975,-0.0887089828610799,0.7480588138113333,0.4735723988632686,0.444063095437047,0.054153671675645,-1,0.4440630954370469,0.19857272315360208,0.6841560985903374,0.6425094391699394,-1,0,0.0,1.0
2021-01-06,484.22,397.54,290.64,274.54,189.81,179.88,53.44,0.0383,86.68,0.218040951305426,0,0,0,0,0,0,-0.1502619760479042,0,-0.4949437671297609,-0.2667398463227223,-0.5397467918353286,0.5080635241963907,0.4540309427532838,-0.1502619760479042,-1,0.45403094275328376,-0.31775820247670117,0.675196268523113,0.6293803833413932,-1,0,-0.0,1.0
2021-01-13,439.68,375.42,211.12,243.17,120.51,199.79,88.57,0.056,64.25999999999999,0.1711682910575667,0,0,0,0,0,0,-0.2553912159873545,0,0.657372754491018,-0.1629335601549949,0.2152854006586169,0.5406548782140558,0.4632287093667698,-0.2553912159873546,-1,0.4632287093667698,-0.0006769716800181236,0.6708662674549686,0.6230355279886909,-1,0,-0.0,1.0
2021-01-20,488.28,433.52,249.26,212.76,119.07,135.07,50.92,0.0548,54.75999999999999,0.1263148179407759,0,0,0,0,0,0,0.5164964650432049,1,-0.425087501411313,-0.0471556886227544,-0.5187600415839713,0.5256337746138734,0.4778732800332694,0.5164964650432049,-1,0.47787328003326934,0.2538783550849546,0.3436081022239628,0.14349621871287996,-1,0,0.0,1.0
2021-01-27,363.27,490.42,201.14,228.38,103.65,176.72,50.27,0.0302,-127.15000000000003,-0.2592675660469239,0,0,0,0,0,0,0.6484981102048936,1,-0.0127651217596228,-0.4324263294569266,-0.059318862275449,0.491380873916079,0.4255266194800149,0.6484981102048935,-1,0.42552661948001486,-0.2621458975488037,0.3993812933528312,0.22522202540487246,-1,0,0.0,1.0
2021-02-03,379.4,454.4,246.87,236.31,147.21,140.19,111.54,0.0542,-75.0,-0.165052816538176,0,0,0,0,0,0,0.0235789851174466,1,1.2188183807439823,1.1904948939512965,0.2593428926273007,0.6118133112789336,0.4966644290084159,0.0235789851174466,-1,0.49666442900841584,0.34175387946589697,0.39275233336664217,0.21550844991394416,-1,0,0.0,1.0
2021-02-10,356.78,435.51,205.63,264.59,156.48,147.99,45.41,0.0314,-78.73000000000002,-0.180776560398667,0,0,0,0,0,0,1.364236952213169,1,-0.5928814774968622,-0.0966779391287051,-0.1082089552238807,0.6394701585419569,0.5191631481419569,1.3642369522131692,-1,0.5191631481419569,-0.16663608001468166,0.5719733257311759,0.47812530723680996,-1,0,0.0,1.0
2021-02-17,398.8,364.58,211.88,257.08,106.57,162.75,65.95,0.0777,34.22000000000003,0.0938614293327626,0,0,0,0,0,0,0.5551175132676269,1,0.4523232768112752,-0.408732293347678,0.3119156554605131,0.646468838372797,0.5141759416388726,0.5551175132676269,-1,0.5141759416388725,0.08954237568148038,0.5777500238512259,0.4865900427902476,-1,0,0.0,1.0
2021-02-24,408.3,442.25,211.75,235.61,177.55,187.37,77.22,0.0464,-33.94999999999999,-0.0767665345918224,0,0,0,0,0,0,0.4887334887334886,1,0.1708870356330551,0.7005064963664391,-0.3076923076923077,0.5926066544960233,0.5079764372288708,0.4887334887334886,-1,0.5079764372288708,-0.33494100422013606,0.5187202179786681,0.4000922397031036,-1,0,0.0,1.0
2021-03-03,390.7,498.51,264.92,298.65,145.33,198.41,82.87,0.0414,-107.81,-0.2162644676811609,0,0,0,0,0,0,0.3702184143839748,1,0.0731675731675731,0.2565579984836998,0.8249284298612642,0.5689843359357096,0.5060610820676429,0.3702184143839748,-1,0.5060610820676428,0.13707464324917695,0.47337239081496585,0.33364297112674746,-1,0,0.0,1.0
2021-03-10,474.31,371.01,274.6,260.58,152.44,176.83,114.17,0.029,103.3,0.2784291521025602,0,0,0,0,0,0,-0.0768152754664097,0,0.377700012067093,0.4785029785029786,0.7311599696739954,0.5650821783456002,0.5076457344757495,-0.0768152754664096,-1,0.5076457344757493,0.07900954541158689,0.48450272060662,0.3499525127283579,-1,0,-0.0,1.0
2021-03-17,403.51,427.75,258.34,223.72,144.08,141.78,107.36,0.0666,-24.24000000000001,-0.0566686147126391,0,0,0,0,0,0,-0.5671572280178838,0,-0.0596478934921608,0.2955231084831664,0.3903133903133904,0.5259359247212941,0.5064578266909333,-0.5671572280178838,-1,0.5064578266909332,1.0089820359281436,0.5461909912242964,0.440345828542307,-1,0,-0.0,1.0
2021-03-24,392.14,481.61,296.22,210.18,140.08,142.14,102.56,0.0062,-89.47000000000003,-0.1857727202803664,0,0,0,0,0,0,0.0315912636505459,1,-0.0447093889716839,-0.1016904615923622,0.2376010619041872,0.5023504891411935,0.5079759198993505,0.0315912636505459,-1,0.5079759198993505,0.15795416055097666,0.5202984345331627,0.40240483861380083,-1,0,0.0,1.0
2021-03-31,431.4,461.12,237.49,215.29,155.96,173.76,114.96,0.0507,-29.720000000000027,-0.0644517694646692,0,0,0,0,0,0,-0.5303583855254,0,0.1209048361934477,0.0707898658718331,0.0069195059998248,0.4653411457672791,0.4834164018200548,-0.5303583855254002,-1,0.48341640182005474,1.2576590730557737,0.5815352960021127,0.49213669367786084,-1,0,-0.0,1.0
2021-04-07,371.14,454.55,228.57,224.6,115.52,123.88,113.55,0.0522,-83.41000000000003,-0.1835001645946537,0,0,0,0,0,0,-0.5525319242624395,0,-0.0122651356993737,0.1071567862714508,0.0576564828614007,0.4653193076616468,0.4685557124740467,-0.5525319242624394,-1,0.46855571247404665,1.2588024666799282,0.6090478935993382,0.5324515687516237,-1,0,-0.0,1.0
2021-04-14,470.33,455.37,286.86,216.07,118.19,111.05,105.4,0.0066,14.95999999999998,0.0328524056638504,0,0,0,0,0,0,-0.2869070208728653,0,-0.0717745486569791,-0.0831593597773137,0.0276911076443058,0.2870694148487706,0.4698381476971736,-0.2869070208728653,-1,0.4698381476971736,-0.05504751658597817,0.6217619376879168,0.5510817652389611,-1,0,-0.0,1.0
2021-04-21,361.18,403.92,222.36,218.66,186.18,135.46,46.47,0.0282,-42.74000000000001,-0.1058130320216552,0,0,0,0,0,0,-0.0335700451904455,0,-0.5591081593927894,-0.5907529722589168,-0.5957724425887265,0.2788597080571081,0.482936874664905,-0.0335700451904454,-1,0.4829368746649049,0.02334287601849816,0.4277143142814765,0.2667390866406983,-1,0,-0.0,1.0
2021-04-28,498.03,394.04,296.32,228.51,194.61,128.72,105.8,0.0253,103.98999999999997,0.2639072168716189,0,0,0,0,0,0,0.1218336483931947,1,1.2767376802238002,0.0037950664136621,-0.0682518714222809,0.4694654265474025,0.5505429456791047,0.1218336483931947,-1,0.5505429456791047,0.6042456406368459,0.3774520907909797,0.19308863419656874,-1,0,0.0,1.0
2021-05-05,465.84,471.4,201.22,217.34,137.33,129.63,53.99,0.026,-5.560000000000002,-0.0117946541964474,0,0,0,0,0,0,-0.1668827560659382,0,-0.4896975425330813,0.161824833225737,-0.4877609108159393,0.507563092493685,0.5374888887322264,-0.1668827560659382,-1,0.5374888887322263,-0.3008288008288008,0.31491254046382094,0.10144791762304647,-1,0,-0.0,1.0
2021-05-12,379.81,471.52,296.99,289.68,127.07,123.36,50.81,0.0745,-91.70999999999998,-0.1944986422749858,0,0,0,0,0,0,0.6170045266679786,1,-0.0588997962585663,-0.5197542533081285,0.0933935872605982,0.5089314406894373,0.5279930939580434,0.6170045266679787,-1,0.5279930939580434,-0.3868710027754314,0.3671987117752221,0.17806410978939702,-1,0,0.0,1.0
2021-05-19,350.83,480.06,204.32,208.02,164.4,104.21,75.16,0.0161,-129.23000000000002,-0.2691955166662594,0,0,0,0,0,0,-0.02700904736562,0,0.4792363707931508,0.392109649935173,-0.2896030245746692,0.5171877029195637,0.5289915958457329,-0.02700904736562,-1,0.5289915958457327,-0.3416834544976789,0.3685522516972831,0.18004748459333567,-1,0,-0.0,1.0
2021-05-26,472.32,486.99,289.11,252.45,140.87,101.79,44.91,0.0138,-14.670000000000016,-0.0301238217825339,0,0,0,0,0,0,-0.0750389668225339,0,-0.4024747205960617,-0.116118874237355,-0.168179292461567,0.5368471988543501,0.5238951110383541,-0.0750389668225338,-1,0.523895111038354,-0.5816877794336811,0.33655503688122335,0.1331611913794993,-1,0,-0.0,1.0
2021-06-02,456.03,426.7,252.77,241.04,102.54,198.77,118.69,0.024,29.329999999999984,0.0687368172750484,0,0,0,0,0,0,-0.5003791389333558,0,1.642841238031619,0.5791644491750931,1.33595748868333,0.739795732214351,0.6167124835442608,-0.5003791389333558,-1,0.6167124835442608,0.15727379095163796,0.35661248304929033,0.16255185264682687,-1,0,-0.0,1.0
2021-06-09,459.35,425.23,299.3,298.24,115.62,142.78,44.98,0.0358,34.120000000000005,0.0802389293317994,0,0,0,0,0,0,0.6974210760337928,1,-0.6210295728368018,0.0015586729013583,-0.4015433741351782,0.7836815953980532,0.6278545364843358,0.6974210760337929,-1,0.6278545364843358,-0.6087334725121781,0.4151320685781426,0.2483020175168272,-1,0,0.0,1.0
2021-06-16,465.69,469.74,207.38,211.2,171.6,138.43,82.16,0.028,-4.050000000000011,-0.0086217907595227,0,0,0,0,0,0,-0.0496592015579357,0,0.8265895953757225,-0.307776560788609,0.8294366510799378,0.8125115951287768,0.6446269616981033,-0.0496592015579356,-1,0.6446269616981033,-0.27644209599295466,0.37172607537029567,0.18469816522905128,-1,0,-0.0,1.0
2021-06-23,361.11,447.49,255.39,239.79,165.89,167.96,73.13,0.0269,-86.38,-0.1930322460992821,0,0,0,0,0,0,0.4077669902912623,1,-0.1099074975657254,0.6258337038683859,-0.383857106748673,0.8140285731971026,0.5995085223182184,0.4077669902912622,-1,0.5995085223182184,-0.30616698292220124,0.3708976935583466,0.18348431731287082,-1,0,0.0,1.0
2021-06-30,403.77,455.3,296.93,296.95,102.71,121.83,41.54,0.0054,-51.53000000000003,-0.1131781240650601,0,0,0,0,0,0,1.699566682715455,1,-0.4319704635580472,-0.4944011684518014,-0.0764784348599376,0.8017832388842908,0.590450674666068,1.6995666827154552,-1,0.590450674666068,-0.10608995050570258,0.6219532873201535,0.5513621544858062,-1,0,0.0,1.0
2021-07-07,367.38,469.37,252.31,286.55,122.2,195.0,59.3,0.0212,-101.99,-0.2172912622935184,0,0,0,0,0,0,-0.2355817875210792,0,0.4275397207510831,-0.1891152741692875,-0.2782375851996105,0.7168548791951953,0.5897596750169156,-0.2355817875210792,-1,0.5897596750169156,-0.43950850661625707,0.641532739912226,0.5800524001986161,-1,0,-0.0,1.0
2021-07-14,479.47,483.5,262.94,281.71,123.11,178.63,76.35,0.0571,-4.029999999999973,-0.0083350568596999,0,0,0,0,0,0,-0.3872953503601833,0,0.28752107925801,0.837987481945113,0.0440311773553945,0.6840387214731292,0.5907952878029072,-0.3872953503601832,-1,0.5907952878029071,0.414150768660863,0.6604476998657053,0.6077689487671396,-1,0,-0.0,1.0
2021-07-21,443.49,400.7,269.57,225.79,167.19,108.94,78.08,0.0089,42.79000000000002,0.106788120522116,0,0,0,0,0,0,-0.1257684426229507,0,0.0226588081204976,0.3166947723440134,0.8796340876263842,0.6810362149066653,0.5911702652930211,-0.1257684426229507,-1,0.5911702652930211,0.5367053729580791,0.6518851978704354,0.5952221073779078,-1,0,-0.0,1.0
2021-07-28,399.63,406.34,245.45,217.09,101.97,141.76,102.95,0.079,-6.7099999999999795,-0.0165132647130154,0,0,0,0,0,0,-0.535016998542982,0,0.3185194672131148,0.3483955468238378,0.7360876897133222,0.6759087175979032,0.5900122207986579,-0.535016998542982,-1,0.5900122207986578,0.3697445449707293,0.6853179508392299,0.644211929387475,-1,0,-0.0,1.0
2021-08-04,359.53,364.1,262.76,266.86,110.41,187.91,112.14,0.0471,-4.57000000000005,-0.0125514968070545,0,0,0,0,0,0,-0.4324950954164437,0,0.0892666342884895,0.436219262295082,0.4687622789783892,0.6446949428979932,0.588469725618186,-0.4324950954164437,-1,0.588469725618186,1.496993987975952,0.7039292196985025,0.6714834720462262,-1,0,-0.0,1.0
2021-08-11,396.65,436.74,258.43,292.94,179.99,194.47,45.33,0.0372,-40.09000000000003,-0.0917937443518026,0,0,0,0,0,0,1.2495036399735275,1,-0.595773140716961,-0.5596891694997572,-0.4194415983606557,0.4706251719313638,0.609815927982425,1.249503639973527,-1,0.609815927982425,-0.6180807144662566,0.76563954936037,0.7619091115114651,-1,0,0.0,1.0
2021-08-18,398.78,355.39,290.12,255.68,117.85,146.74,46.78,0.0704,43.389999999999986,0.1220912233825058,0,0,0,0,0,0,1.5309961522017956,1,0.0319876461504522,-0.5828428749777064,-0.5456046624575037,0.4134169427211409,0.6100328895792273,1.5309961522017956,-1,0.6100328895792273,0.040017785682525675,0.8616770492090624,0.9026351841810628,-1,0,0.0,1.0
2021-08-25,459.44,419.84,204.54,257.16,165.27,161.34,68.26,0.033,39.60000000000002,0.0943216461168025,0,0,0,0,0,0,-0.017579841781424,0,0.4591705857203934,0.5058460180895656,-0.3912965935437845,0.3521329322703453,0.6144570902570894,-0.017579841781424,-1,0.6144570902570894,-0.16918208373904564,0.8602387059886777,0.9005275450518208,-1,0,-0.0,1.0
2021-09-01,445.63,431.4,228.1,228.0,123.82,116.7,47.87,0.0129,14.230000000000018,0.0329856281108354,0,0,0,0,0,0,1.4117401295174434,1,-0.2987108116026956,0.0233005557930738,0.0560335318773439,0.3664249650772633,0.6203697889704376,1.4117401295174434,-1,0.6203697889704376,-0.3454122795022563,0.9281229700472927,1.0,-1,0,0.0,1.0
2021-09-08,483.08,392.98,295.04,276.95,109.94,199.12,63.64,0.0477,90.09999999999997,0.2292737538061128,0,0,0,0,0,0,0.6543054682589566,1,0.3294338834343013,-0.0676823908584823,0.3604104318084651,0.3374941749678828,0.6010906102084796,0.6543054682589566,-1,0.6010906102084795,0.5320173326913817,0.8200471214709154,0.841633843607448,-1,0,0.0,1.0
2021-09-15,420.83,438.62,289.03,218.7,124.32,123.17,101.97,0.0642,-17.79000000000002,-0.0405590259437348,0,0,0,0,0,0,0.0528586839266451,1,0.602294154619736,1.1301441403801964,0.4938470553765015,0.3597192011002464,0.5520069587962068,0.0528586839266451,-1,0.5520069587962068,0.7195615514333895,0.8035821917492608,0.8175073836292113,-1,0,0.0,1.0
2021-09-22,367.94,354.58,245.57,232.37,172.23,194.27,118.4,0.0391,13.360000000000014,0.0376783799490147,0,0,0,0,0,0,-0.0288006756756757,0,0.1611258213199962,0.8604651162790697,1.4733653645289326,0.3555564847506296,0.5326812020851515,-0.0288006756756757,-1,0.5326812020851515,0.5507531106745254,0.7750134847283116,0.7756449658586461,-1,0,-0.0,1.0
2021-09-29,456.99,355.6,262.01,242.54,185.57,164.96,67.06,0.0634,101.39,0.285123733731373,0,0,0,0,0,0,0.1999701759618251,1,-0.4336148648648649,-0.3423555947827792,0.0537397862979258,0.3953446359985538,0.5471051224278982,0.1999701759618251,-1,0.5471051224278982,-0.14113729508196715,0.7582460916442426,0.7510752989957439,-1,0,0.0,1.0
2021-10-06,464.12,473.39,227.74,250.76,183.02,160.77,115.45,0.0787,-9.269999999999982,-0.0195821626574659,0,0,0,0,0,0,-0.2620181896925075,0,0.7215926036385327,-0.0249155405405405,0.1321957438462293,0.4417348365537505,0.5576151667035002,-0.2620181896925075,-1,0.5576151667035001,0.12141816415735796,0.7246704540920892,0.7018761047483235,-1,0,-0.0,1.0
2021-10-13,434.19,404.03,218.81,224.24,139.72,151.27,105.28,0.0717,30.160000000000025,0.0746479219992379,0,0,0,0,0,0,-0.6129369300911854,0,-0.0880900822867042,0.5699373695198329,-0.1108108108108107,0.4460508985090926,0.5454802212588409,-0.6129369300911854,-1,0.5454802212588409,-0.06117353308364548,0.7504812968360585,0.7396973572525435,-1,0,-0.0,1.0
2021-10-20,465.65,369.06,246.37,211.48,166.81,123.07,107.36,0.0644,96.58999999999996,0.2617189609772964,0,0,0,0,0,0,-0.4754098360655737,0,0.0197568389057749,-0.070073624945864,0.6009543692215926,0.3784056026664215,0.4208707957850506,-0.4754098360655737,-1,0.4208707957850506,1.368409441870726,0.7361742795849775,0.7187329386396799,-1,0,-0.0,1.0
2021-10-27,424.07,428.34,235.34,261.06,120.5,117.65,114.99,0.0148,-4.269999999999982,-0.0099687164169381,0,0,0,0,0,0,-0.2665449169492999,0,0.071069299552906,0.0922302431610941,-0.0039844088349936,0.3772457120880804,0.3867549102060866,-0.2665449169492998,-1,0.38675491020608654,1.4581017528858484,0.5928718571135352,0.5087484310231983,-1,0,-0.0,1.0
2021-11-03,428.41,465.5,258.37,228.86,129.31,122.05,80.47,0.0299,-37.089999999999975,-0.0796777656720133,0,0,0,0,0,0,-0.1370697154218964,0,-0.3002000173928167,-0.2504657228017883,-0.2356572948328267,0.3854210981187168,0.3596052549310449,-0.1370697154218964,-1,0.3596052549310449,0.17887489012598867,0.5959298761085601,0.5132294202617447,-1,0,-0.0,1.0
2021-11-10,414.13,382.37,207.77,258.12,189.63,118.64,85.2,0.0692,31.75999999999999,0.0830609093729609,0,0,0,0,0,0,-0.1092723004694836,0,0.0587796694420281,-0.2590660057396294,-0.206408345752608,0.3624439102743914,0.3572778376096333,-0.1092723004694835,-1,0.3572778376096332,0.7798203467725091,0.35697110103458213,0.16307734425935644,-1,0,-0.0,1.0
2021-11-17,353.81,443.43,297.44,215.44,101.3,177.96,40.75,0.0233,-89.62,-0.2021063071914252,0,0,0,0,0,0,-0.0120245398773006,0,-0.5217136150234742,-0.4936000994159314,-0.6456213583789895,0.4038606282597606,0.3644404104536878,-0.0120245398773006,-1,0.36444041045368775,-0.3596794468887492,0.24568013605893127,0.0,-1,0,-0.0,1.0
2021-11-24,366.18,362.8,298.62,248.11,108.55,135.01,56.32,0.0424,3.3799999999999955,0.0093164277582237,0,0,0,0,0,0,0.6226917613636364,1,0.3820858895705521,-0.3389671361502347,-0.3001118429228283,0.3740363895564008,0.3622160706955138,0.6226917613636365,-1,0.3622160706955138,-0.44768069039913694,0.3470343807197014,0.14851682750983158,-1,0,0.0,1.0
2021-12-01,354.71,357.75,269.82,253.26,120.79,105.78,84.34,0.0099,-3.0400000000000205,-0.0084975541341788,0,0,0,0,0,0,0.2378468105288119,1,0.4975142045454546,1.0696932515337425,-0.010093896713615,0.4034034973231813,0.371893933752658,0.237846810528812,-1,0.3718939337526579,-0.2876689189189189,0.3636540813501182,0.17287007704618795,-1,0,0.0,1.0
2021-12-08,445.46,429.7,253.61,205.18,102.65,196.91,69.44,0.0408,15.759999999999993,0.0366767511364283,0,0,0,0,0,0,0.480270737327189,1,-0.176665876215319,0.2329545454545454,0.7040490797546011,0.3771635724342371,0.3760562446372577,0.480270737327189,-1,0.37605624463725773,0.035490605427974886,0.39702919777728224,0.22177544283647957,-1,0,0.0,1.0
2021-12-15,397.15,431.1,230.95,233.66,118.14,188.38,75.89,0.0736,-33.950000000000045,-0.07875202950881,0,0,0,0,0,0,-0.015417050994861,0,0.0928859447004608,-0.1001897083234527,0.3474786931818181,0.3004042469661401,0.3714506104685117,-0.015417050994861,-1,0.3714506104685117,-0.3426591598094413,0.39023534730916004,0.21182024933196683,-1,0,-0.0,1.0
2021-12-22,426.29,445.61,281.38,213.44,158.3,192.78,40.26,0.0223,-19.319999999999993,-0.0433562980109146,0,0,0,0,0,0,1.2704918032786885,1,-0.4694953221768349,-0.4202188940092166,-0.522646431112165,0.3354939062865727,0.3893292879167606,1.2704918032786887,-1,0.3893292879167606,-0.6175911854103344,0.5123708521318732,0.390788360270906,-1,0,0.0,1.0
2021-12-29,486.13,458.91,268.47,206.34,142.14,199.49,91.39,0.0399,27.21999999999997,0.0593144624015286,0,0,0,0,0,0,-0.2262829631250684,0,1.2699950322901143,0.2042429832652523,0.3161002304147466,0.5328857678226625,0.4508742287509866,-0.2262829631250684,-1,0.4508742287509865,-0.14875186289120712,0.48329868226211137,0.3481882062039976,-1,0,-0.0,1.0
2022-01-05,387.39,496.38,216.26,299.0,189.27,117.39,104.4,0.0189,-108.99,-0.2195696840735531,0,0,0,0,0,0,-0.5982758620689655,0,0.1423569318306161,1.5931445603576757,0.3756753195414417,0.533074852927407,0.4504095721666192,-0.5982758620689655,-1,0.45040957216661914,-0.09209496477954593,0.527095810968941,0.41236519880404965,-1,0,-0.0,1.0
2022-01-12,411.56,427.45,291.09,232.24,181.74,139.62,102.79,0.023,-15.889999999999986,-0.0371739383853691,0,0,0,0,0,0,-0.2764860394980056,0,-0.0154214559386972,0.1247401247401247,1.5531544957774468,0.516824098590457,0.4443932578811276,-0.2764860394980056,-1,0.44439325788112766,0.27737044861439064,0.5373152297428619,0.4273399604470084,-1,0,-0.0,1.0
2022-01-19,463.33,398.44,282.25,280.99,134.18,175.82,74.72,0.0591,64.88999999999999,0.162860154194207,0,0,0,0,0,0,-0.3217344753747323,0,-0.2730810390115771,-0.2842911877394636,-0.1824050771419192,0.5320525895099675,0.4432115458604602,-0.3217344753747323,-1,0.44321154586046013,-0.12300469483568077,0.5521465871906588,0.4490727074393371,-1,0,-0.0,1.0
2022-01-26,384.32,469.28,294.98,225.46,125.94,169.6,91.41,0.0559,-84.95999999999998,-0.1810432999892531,0,0,0,0,0,0,-0.4233672464719396,0,0.2233672376873661,-0.1107111586730227,-0.1244252873563219,0.486661785808631,0.4409952255666175,-0.4233672464719396,-1,0.44099522556661747,1.2431901840490798,0.5774934352880312,0.48621405735906487,-1,0,-0.0,1.0
2022-02-02,361.55,390.62,272.57,268.15,137.97,115.39,70.71,0.0197,-29.069999999999993,-0.0744201523874349,0,0,0,0,0,0,-0.3698203931551406,0,-0.226452248112898,-0.0536670235546039,-0.312092616013231,0.4948062631381593,0.4299357963437065,-0.3698203931551406,-1,0.4299357963437065,0.25550426136363624,0.5578556939412055,0.4574383997233066,-1,0,-0.0,1.0
2022-02-09,393.46,415.85,261.34,276.02,159.03,181.58,41.94,0.0121,-22.390000000000043,-0.053841529268146,0,0,0,0,0,0,1.4022412970910827,1,-0.4068731438268985,-0.5411880538234328,-0.4387044967880086,0.4980370343372656,0.4412909954111947,1.4022412970910825,-1,0.4412909954111946,-0.5027270571496325,0.7173633803332894,0.6911688727357965,-1,0,0.0,1.0
2022-02-16,374.18,361.77,241.82,259.56,126.81,122.44,74.37,0.0738,12.410000000000023,0.0343035629424674,0,0,0,0,0,0,0.5128411994083636,1,0.7732474964234624,0.0517607127704711,-0.186412865113226,0.5455192263251654,0.4570244696391376,0.5128411994083635,-1,0.4570244696391376,0.07099654377880205,0.7193923739727343,0.6941420062180356,-1,0,0.0,1.0
2022-02-23,489.45,353.8,293.27,247.16,162.41,122.38,50.68,0.0344,135.64999999999998,0.3834087043996361,0,0,0,0,0,0,0.8370165745856353,1,-0.318542423020035,0.2083929422985218,-0.2832696931127139,0.5622984424498617,0.44008514295571,0.8370165745856353,-1,0.44008514295571,-0.3321913295559362,0.7544495025825927,0.7455120651649162,-1,0,0.0,1.0
2022-03-02,471.22,494.4,286.61,241.18,140.94,153.7,52.71,0.0167,-23.17999999999995,-0.0468851131737759,0,0,0,0,0,0,0.8681464617719598,1,0.0400552486187846,-0.291246470350948,0.2567954220314736,0.5301556126847694,0.4391040311693786,0.8681464617719596,-1,0.4391040311693785,0.3092399403874815,0.6985273786573161,0.6635680236421206,-1,0,0.0,1.0
2022-03-09,445.01,475.4,204.52,234.89,155.2,159.29,44.56,0.0754,-30.389999999999983,-0.0639251155575828,0,0,0,0,0,0,1.6427289048473968,1,-0.1546196167710112,-0.1207576953433307,-0.4008336694903859,0.3467346860331741,0.4413182465247336,1.6427289048473963,-1,0.4413182465247336,-0.5124193018929861,0.8276187777394711,0.8527287747745101,-1,0,0.0,1.0
2022-03-16,480.72,454.4,202.64,292.95,143.61,158.01,100.75,0.0746,26.32000000000005,0.0579225350837973,0,0,0,0,0,0,0.0724565756823821,1,1.260996409335727,0.9114020110036044,0.9879636937647986,0.5348989990797496,0.5197589075614406,0.072456575682382,-1,0.5197589075614405,-0.03496168582375481,0.7694011312266444,0.7674210484517225,-1,0,0.0,1.0
2022-03-23,470.55,411.34,237.65,283.06,129.45,109.15,112.51,0.0714,59.21000000000003,0.143944182078222,0,0,0,0,0,0,-0.1411430095102658,0,0.1167245657568238,1.524910233393178,1.1345095807247203,0.5336286659420445,0.5114140770578102,-0.1411430095102658,-1,0.5114140770578101,0.09456172779453254,0.7573850298745547,0.7498135643466222,-1,0,-0.0,1.0
2022-03-30,377.99,375.99,281.06,296.5,194.85,187.75,93.1,0.0103,2.0,0.0053192903925123,0,0,0,0,0,0,0.1600429645542428,1,-0.1725179984001422,-0.0759305210918114,1.0893177737881508,0.5266456654322986,0.5153466604669389,0.1600429645542427,-1,0.5153466604669388,0.24598501070663814,0.7202244394094413,0.6953612518387189,-1,0,0.0,1.0
2022-04-06,483.88,373.47,298.73,212.43,176.36,126.56,98.47,0.0612,110.40999999999995,0.2956328478977351,0,0,0,0,0,0,-0.1774144409464811,0,0.0576799140708914,-0.1247889076526531,-0.0226302729528535,0.5254113236136772,0.4942213731198096,-0.1774144409464811,-1,0.49422137311980957,0.07723443824526854,0.6904371214991051,0.6517131740411224,-1,0,-0.0,1.0
2022-04-13,430.9,387.54,215.04,273.09,114.01,112.95,117.76,0.0458,43.35999999999996,0.111885224462287,0,0,0,0,0,0,-0.5484035326086958,0,0.1958972275820047,0.2648764769065521,0.04666251888721,0.5133615165808368,0.4910090287761851,-0.5484035326086957,-1,0.4910090287761851,0.6653938622542783,0.7166910189796658,0.6901836453729504,-1,0,-0.0,1.0
2022-04-20,471.12,432.38,259.41,293.83,186.85,188.87,108.05,0.0518,38.74000000000001,0.0895971134428116,0,0,0,0,0,0,0.014807959278112,1,-0.0824558423913044,0.097288514268305,0.1605800214822772,0.4844548026432835,0.4848043220815668,0.014807959278112,-1,0.4848043220815668,1.5762994754411066,0.6453772618137584,0.5856858711797152,-1,0,0.0,1.0
2022-04-27,484.41,457.19,238.09,218.12,148.74,195.57,96.63,0.0787,27.220000000000027,0.0595376100537247,0,0,0,0,0,0,-0.2020076580772016,0,-0.1056918093475243,-0.1794327445652175,-0.0186858941809688,0.440959490145512,0.4829762463791864,-0.2020076580772016,-1,0.4829762463791864,0.29931423961274684,0.6615371676613486,0.6093653722936,-1,0,-0.0,1.0
2022-05-04,397.7,449.03,296.99,206.65,189.46,186.21,108.0,0.0612,-51.329999999999984,-0.1143130745956548,0,0,0,0,0,0,-0.3478703703703703,0,0.1176653213287799,-0.000462748727441,-0.0828804347826087,0.4177038482197612,0.4829958322738701,-0.3478703703703703,-1,0.48299583227387016,1.1310181531176005,0.6512691658828216,0.5943194207982662,-1,0,-0.0,1.0
2022-05-11,366.51,391.99,284.21,274.11,179.99,180.95,81.0,0.0645,-25.480000000000015,-0.0650016580397417,0,0,0,0,0,0,0.0643209876543209,1,-0.25,-0.1617510090034151,-0.2503470615455807,0.4341865354943371,0.4717702911379207,0.0643209876543209,-1,0.4717702911379206,0.5367103016505406,0.5980384956884817,0.51631923156154,-1,0,0.0,1.0
2022-05-18,384.19,493.23,283.83,257.45,142.52,165.52,53.18,0.0698,-109.04000000000002,-0.2210733324796275,0,0,0,0,0,0,0.7989845806694247,1,-0.3434567901234567,-0.5075925925925926,-0.4496533167753286,0.4502224046074869,0.3945292092652925,0.7989845806694247,-1,0.39452920926529256,0.1934470377019748,0.36181389542974496,0.17017360808391793,-1,0,0.0,1.0
2022-05-25,414.07,460.68,246.87,284.18,102.25,155.09,109.65,0.0706,-46.610000000000014,-0.1011765214440034,0,0,0,0,0,0,-0.5325125398996808,0,1.0618653629183905,0.3537037037037038,0.0152777777777777,0.3929147792339741,0.4570616731763517,-0.5325125398996808,-1,0.4570616731763517,0.0883374689826304,0.39198258087456767,0.21438051295902605,-1,0,-0.0,1.0
2022-06-01,472.7,433.15,241.48,213.98,126.87,108.7,77.11,0.0089,39.55000000000001,0.0913078608073234,0,0,0,0,0,0,0.1570483724549345,1,-0.2967624259005929,0.4499811959383226,-0.0480246913580246,0.4077101422379406,0.4642611740281633,0.1570483724549345,-1,0.46426117402816325,-0.31463869878233053,0.39903302958568865,0.22471170607877272,-1,0,0.0,1.0
2022-06-08,479.11,441.76,227.34,279.53,154.16,140.85,70.43,0.0462,37.35000000000002,0.0845481707611641,0,0,0,0,0,0,0.685787306545506,1,-0.0866294903384774,-0.3576835385316917,0.3243700639338098,0.40413452028398,0.4590454352803182,0.685787306545506,-1,0.4590454352803182,-0.24350161117078395,0.46122453429204235,0.31584242298130283,-1,0,0.0,1.0
2022-06-15,351.04,412.94,205.64,220.16,163.35,137.27,86.21,0.0183,-61.89999999999998,-0.1499007116048318,0,0,0,0,0,0,-0.5243011251594942,0,0.2240522504614508,0.118013227856309,-0.2137710898312814,0.4089424832041133,0.4590574923658853,-0.5243011251594942,-1,0.4590574923658852,-0.12450492535797708,0.48761113466198686,0.35450734706840153,-1,0,-0.0,1.0
2022-06-22,426.61,387.16,286.47,216.37,125.79,125.98,95.67,0.0648,39.44999999999999,0.1018958567468336,0,0,0,0,0,0,-0.425211665098777,0,0.1097320496462128,0.3583700127786453,0.2406951108805601,0.4062724894477062,0.4537472608791679,-0.425211665098777,-1,0.45374726087916784,-0.18758491847826086,0.4748238411987517,0.33576981649971915,-1,0,-0.0,1.0
2022-06-29,412.61,403.4,281.29,216.43,113.94,172.34,51.26,0.0133,9.210000000000036,0.0228309369786046,0,0,0,0,0,0,1.0626219274287945,1,-0.4641998536636355,-0.4054054054054054,-0.2721851483742724,0.4354077808009859,0.4571993310055098,1.062621927428795,-1,0.4571993310055098,-0.5255900046274873,0.5881645854436267,0.5018507519276497,-1,0,0.0,1.0
2022-07-06,383.32,463.68,299.97,281.46,183.49,149.59,89.22,0.0652,-80.36000000000001,-0.1733091783701924,0,0,0,0,0,0,0.0867518493611297,1,0.7405384315255561,-0.0674192536845406,0.0349147430692495,0.4918776250821242,0.4546560519545125,0.0867518493611296,-1,0.4546560519545124,-0.07668425954672464,0.5801593406365406,0.4901204729820837,-1,0,0.0,1.0
2022-07-13,367.98,352.16,299.66,266.52,198.44,108.1,118.73,0.0296,15.819999999999991,0.0449227622531725,0,0,0,0,0,0,-0.1585109071001432,0,0.3307554360008966,1.3162309793211082,0.2410368976690708,0.498204056522973,0.4476385569459493,-0.1585109071001432,-1,0.4476385569459493,0.09935185185185191,0.5667595818215425,0.470485482111586,-1,0,-0.0,1.0
2022-07-20,400.64,367.41,255.54,252.31,152.57,122.02,41.01,0.0254,33.22999999999996,0.0904439179923138,0,0,0,0,0,0,1.2123872226286274,1,-0.6545944580139813,-0.5403496973772697,-0.1999609832227857,0.5443144575474366,0.4795684169988086,1.2123872226286272,-1,0.4795684169988086,-0.49370370370370376,0.6621440400656711,0.6102546371141796,-1,0,0.0,1.0
2022-07-27,491.44,356.9,276.9,235.88,117.17,168.33,54.99,0.0127,134.54000000000002,0.3769683374139302,0,0,0,0,0,0,0.9723586106564828,1,0.3408924652523775,-0.5368483112945338,-0.3836583725622058,0.5305006509040451,0.4795955899428961,0.9723586106564828,-1,0.4795955899428961,0.034035351635953504,0.6805286746018535,0.6371940870146763,-1,0,0.0,1.0
2022-08-03,398.48,356.11,294.48,287.72,127.23,107.61,105.73,0.0536,42.370000000000005,0.1189800900873884,0,0,0,0,0,0,-0.3907121914310035,0,0.922713220585561,1.5781516703243113,-0.1094921249894719,0.504548264904154,0.4411020115140557,-0.3907121914310035,-1,0.44110201151405565,-0.03575011399908801,0.6635942660170163,0.6123796882966643,-1,0,-0.0,1.0
2022-08-10,427.82,478.32,284.96,239.24,101.84,185.12,96.96,0.0154,-50.5,-0.1055778556080074,0,0,0,0,0,0,0.044657590759076,1,-0.082947129480753,0.763229678123295,1.364301389904901,0.48938489149456,0.4426770931290311,0.044657590759076,-1,0.4426770931290311,0.2574244585656853,0.666623708928211,0.6168188043080229,-1,0,0.0,1.0
2022-08-17,455.45,455.55,224.73,281.66,191.43,149.51,99.91,0.0165,-0.1000000000000227,-0.0002195148716507,0,0,0,0,0,0,-0.5107596837153437,0,0.0304249174917492,-0.0550458715596331,0.8168757955991996,0.4847925833037217,0.4389395434043894,-0.5107596837153437,-1,0.43893954340438934,0.41857163140707065,0.6880657414219239,0.6482383334257961,-1,0,-0.0,1.0
2022-08-24,404.54,421.13,245.05,243.91,111.78,148.06,90.73,0.0696,-16.589999999999975,-0.0393940112568707,0,0,0,0,0,0,-0.4614791138542929,0,-0.0918826944249824,-0.0642533003300328,-0.1418708029887448,0.4896813365238373,0.4407584672317392,-0.4614791138542929,-1,0.4407584672317392,0.052430112515949645,0.6816143107562389,0.6387848959444743,-1,0,-0.0,1.0
2022-08-31,495.77,364.68,212.92,237.69,157.65,159.24,108.46,0.0791,131.08999999999995,0.3594658320734182,0,0,0,0,0,0,-0.4156371012354785,0,0.1954149674859471,0.0855770193173857,0.118605610561056,0.4902670834261807,0.4407518519886521,-0.4156371012354785,-1,0.440751851988652,0.13368872164732926,0.6807332922549244,0.6374939182135403,-1,0,-0.0,1.0
2022-09-07,494.37,423.74,295.41,246.27,127.41,182.47,64.42,0.0258,70.63,0.1666823991912908,0,0,0,0,0,0,-0.000620925178516,0,-0.4060483127420247,-0.289981263088284,-0.3552196977279551,0.4827669030716948,0.4528329884514559,-0.000620925178516,-1,0.45283298845145586,0.25673039406944986,0.5995310791978602,0.5185063502988788,-1,0,-0.0,1.0
2022-09-14,387.77,421.02,260.62,230.14,155.42,134.78,101.29,0.0511,-33.25,-0.0789748703648879,0,0,0,0,0,0,-0.5288774805015303,0,0.5723377832971128,-0.066107320671215,0.1163892868951834,0.4616999165603047,0.4646401829469817,-0.5288774805015303,-1,0.4646401829469816,0.1352835687065681,0.6250171885143756,0.5558517630531873,-1,0,-0.0,1.0
2022-09-21,424.59,375.98,222.86,274.76,165.14,167.8,48.88,0.0283,48.60999999999996,0.1292887916131474,0,0,0,0,0,0,0.3091243862520458,1,-0.5174252147299832,-0.2412294318534616,-0.549326940807671,0.4945447065570458,0.4845367219971185,0.3091243862520458,-1,0.4845367219971185,-0.5883096100395856,0.6312744015420505,0.5650206087293976,-1,0,0.0,1.0
2022-09-28,395.13,415.08,267.17,250.27,182.97,156.57,48.86,0.0644,-19.94999999999999,-0.0480630238795821,0,0,0,0,0,0,1.2795742939009414,1,-0.0004091653027823,-0.5176226675881134,-0.2415398944427197,0.4332649879677817,0.4791336125151605,1.2795742939009416,-1,0.47913361251516046,0.1914167276274079,0.6455356071375596,0.5859178984146937,-1,0,0.0,1.0
2022-10-05,392.73,409.78,261.81,223.22,120.64,126.7,63.38,0.0314,-17.049999999999955,-0.0416076918307195,0,0,0,0,0,0,0.8876617229409908,1,0.2971756037658617,0.296644844517185,-0.3742718925856452,0.430736060621658,0.4707296504648784,0.8876617229409909,-1,0.47072965046487836,0.15257319512638667,0.6322123703236404,0.5663950370842361,-1,0,0.0,1.0
2022-10-12,355.53,442.38,235.82,289.96,101.1,187.86,64.38,0.0382,-86.85000000000002,-0.1963244265194529,0,0,0,0,0,0,-0.2620378999689344,0,0.015777847901546,0.3176422431436758,0.317103109656301,0.3167819070061063,0.4142763172406398,-0.2620378999689344,-1,0.41427631724063974,-0.39109051357230684,0.6241531779535561,0.5545857074690587,-1,0,-0.0,1.0
2022-10-19,441.43,445.26,211.36,238.39,113.69,179.74,47.72,0.0197,-3.829999999999984,-0.0086017158320942,0,0,0,0,0,0,0.5597233864207881,1,-0.2587760173967069,-0.247081098138214,-0.0233319688907082,0.326698454304756,0.4126435402919399,0.559723386420788,-1,0.4126435402919399,-0.5078382838283828,0.6459860254688791,0.5865779072958581,-1,0,0.0,1.0
2022-10-26,425.4,356.8,267.16,254.36,190.0,165.85,63.99,0.0253,68.59999999999997,0.1922645734521731,0,0,0,0,0,0,0.384122519143616,1,0.3409471919530595,-0.0060577819198507,0.0096244872199431,0.3458343101770826,0.4156660124653027,0.3841225191436159,-1,0.41566601246530277,-0.3595235712140926,0.6154447997976231,0.5418251102113528,-1,0,0.0,1.0
2022-11-02,357.72,406.19,252.03,290.65,187.39,185.06,111.38,0.0629,-48.46999999999997,-0.1193283928227469,0,0,0,0,0,0,-0.3646974322140419,0,0.7405844663228629,1.3340318524727577,0.730040385212799,0.41131792456541,0.4402612534255131,-0.3646974322140419,-1,0.44026125342551303,0.2275983687865093,0.604993262158573,0.526510219177962,-1,0,-0.0,1.0
2022-11-09,391.8,443.88,277.23,262.42,159.74,186.73,119.64,0.0745,-52.079999999999984,-0.1173290075756307,0,0,0,0,0,0,-0.2416415914409896,0,0.0741605315137368,0.8696671354899201,1.507124895222129,0.4099105715735612,0.4403259495598484,-0.2416415914409896,-1,0.44032594955984844,0.10307947630462855,0.5880703119245958,0.5017126106587614,-1,0,-0.0,1.0
2022-11-16,486.24,425.47,252.02,211.69,160.05,170.84,47.51,0.0551,60.76999999999998,0.1428302814703027,0,0,0,0,0,0,0.3081456535466217,1,-0.6028920093614176,-0.5734422697073083,-0.2575402406626036,0.4397928869510744,0.4507517449625509,0.3081456535466218,-1,0.4507517449625508,-0.26249611921763427,0.5843300304748485,0.4962318857343188,-1,0,0.0,1.0
2022-11-23,385.93,478.47,285.22,293.98,166.5,183.7,74.43,0.0471,-92.54000000000002,-0.193408154757021,0,0,0,0,0,0,-0.2400913610103453,0,0.5666175541991161,-0.3778836509528585,-0.331747171844137,0.4390644672663852,0.4392616490288299,-0.2400913610103453,-1,0.43926164902882986,-0.2651791884687531,0.5485262342567563,0.44376771667147413,-1,0,-0.0,1.0
2022-11-30,371.73,448.8,255.19,262.77,117.54,169.75,88.57,0.0633,-77.07,-0.1717245985478507,0,0,0,0,0,0,-0.2422942305521056,0,0.1899771597474135,0.8642391075563038,-0.2596957539284521,0.3888075454175291,0.4363296093714811,-0.2422942305521056,-1,0.436329609371481,0.8119885433715219,0.5705360201534805,0.4760191885905119,-1,0,-0.0,1.0
2022-12-07,423.42,374.44,256.09,233.49,191.44,168.01,70.76,0.0108,48.98000000000002,0.1308086739375903,0,0,0,0,0,0,-0.3362068965517242,0,-0.2010838884498136,-0.0493080747010614,0.4893706588086719,0.4016161479670301,0.4067273165139393,-0.3362068965517242,-1,0.4067273165139393,0.4482194023741304,0.4487871753003942,0.29761765986237426,-1,0,-0.0,1.0
2022-12-14,497.85,360.59,287.67,213.93,141.88,161.86,90.73,0.0554,137.26000000000005,0.3806539272285591,0,0,0,0,0,0,0.0600683346191998,1,0.2822215941209722,0.0243874901208085,0.2189977159747413,0.4008948146770287,0.4051546276089722,0.0600683346191999,-1,0.40515462760897214,0.43152414010728934,0.3390822225510206,0.1368643377002362,-1,0,0.0,1.0
2022-12-21,386.31,446.36,240.35,279.4,138.31,175.27,62.15,0.0624,-60.05000000000001,-0.1345326639158243,0,0,0,0,0,0,0.811906677393403,1,-0.3150005510856387,-0.1216789146410401,-0.2982951337924805,0.4230052224572034,0.366053324302176,0.8119066773934032,-1,0.36605332430217596,-0.03463808636222421,0.42038475602393816,0.25599890754803695,-1,0,0.0,1.0
2022-12-28,450.82,353.98,213.4,262.01,151.89,115.86,56.56,0.0791,96.83999999999996,0.2735747774632047,0,0,0,0,0,0,-0.2904879773691655,0,-0.08994368463395,-0.3766119254932216,-0.2006783493499152,0.4111090964128414,0.3661817939044441,-0.2904879773691654,-1,0.36618179390444405,0.18524727577535627,0.39555624090693314,0.21961708348828218,-1,0,-0.0,1.0
2023-01-04,464.24,437.87,202.88,253.35,104.7,188.09,67.11,0.0337,26.370000000000005,0.0602233538259681,0,0,0,0,0,0,-0.2674713157502608,0,0.1865275813295615,0.0798069187449719,-0.2603328557257798,0.4038286278378737,0.3676029794582655,-0.2674713157502608,-1,0.3676029794582655,0.048757618377871514,0.37564979115632785,0.1904476809256277,-1,0,-0.0,1.0
2023-01-11,385.65,491.03,275.51,289.39,116.63,187.18,46.97,0.0429,-105.38,-0.2146101048518214,0,0,0,0,0,0,-0.0274643389397487,0,-0.3001043063626881,-0.1695544554455446,-0.2442477876106195,0.3454448942658715,0.3746808699721143,-0.0274643389397487,-1,0.3746808699721143,-0.5782905369007003,0.36217498513946417,0.1707027215740676,-1,0,-0.0,1.0
2023-01-18,459.23,436.32,262.03,278.86,173.8,102.92,96.18,0.0285,22.910000000000025,0.0525073339463987,0,0,0,0,0,0,-0.0903514244125599,0,1.04769001490313,0.4331694233348235,0.7004950495049505,0.4844427469127923,0.4367853762877843,-0.0903514244125599,-1,0.4367853762877843,-0.19608826479438313,0.3562312862848385,0.16199327580277972,-1,0,-0.0,1.0
2023-01-25,405.17,408.23,270.41,215.17,108.28,182.58,112.61,0.0374,-3.0600000000000023,-0.0074957744225172,0,0,0,0,0,0,-0.5591865731284966,0,0.1708255354543564,1.397487758143496,0.6779913574728058,0.4216075287410476,0.4217087157090738,-0.5591865731284966,-1,0.42170871570907376,1.3702378446642811,0.3697002743237593,0.18172970993046297,-1,0,-0.0,1.0
2023-02-01,444.85,446.49,221.3,231.17,160.32,112.89,40.13,0.0134,-1.6399999999999864,-0.0036730945739588,0,0,0,0,0,0,0.5848492399700971,1,-0.6436373323861113,-0.582761488875026,-0.1456248669363422,0.4617269965290327,0.4388449854642605,0.5848492399700971,-1,0.43884498546426054,-0.4608356845358055,0.4270575323426686,0.26577668817140887,-1,0,0.0,1.0
2023-02-08,445.03,418.74,213.64,224.85,124.53,133.51,49.16,0.0307,26.289999999999964,0.0627835887118889,0,0,0,0,0,0,1.0002034174125307,1,0.2250186892599051,-0.5634490720184708,-0.48887502599293,0.4631835066526014,0.4193640163572238,1.0002034174125307,-1,0.41936401635722376,-0.4449587896578977,0.52887176197791,0.4149675427961316,-1,0,0.0,1.0
2023-02-15,430.37,431.84,201.45,274.39,138.93,174.35,45.68,0.0293,-1.4699999999999704,-0.0034040385249072,0,0,0,0,0,0,0.4122154115586691,1,-0.0707892595606183,0.1383005232992773,-0.5943521889707841,0.4575639179640476,0.4204237210840346,0.4122154115586691,-1,0.42042372108403453,-0.35443753533069533,0.5148485850486118,0.39441904227581204,-1,0,0.0,1.0
2023-02-22,363.54,491.22,235.06,203.35,128.87,116.08,87.49,0.0098,-127.68,-0.2599242696552985,0,0,0,0,0,0,-0.1487027088810149,0,0.915280210157618,0.7796989422294549,1.1801644654871666,0.5312354426046761,0.4580492507034118,-0.1487027088810149,-1,0.4580492507034118,-0.03571034938829509,0.5236628977667958,0.40733486801123814,-1,0,-0.0,1.0
2023-03-01,475.3,407.92,258.99,256.99,135.57,181.8,49.64,0.0209,67.38,0.1651794465454514,0,0,0,0,0,0,0.4093473005640611,1,-0.4326208709566806,0.0866900175131348,0.0097640358014647,0.5429279511302202,0.4737960385381387,0.4093473005640611,-1,0.4737960385381387,-0.20128720836685432,0.48015545460278564,0.3435823586475716,-1,0,0.0,1.0
2023-03-08,398.12,494.18,239.22,276.25,171.9,183.21,63.6,0.0525,-96.06,-0.1943826132292229,0,0,0,0,0,0,-0.3389937106918239,0,0.2812248186946011,-0.2730597782603725,0.3922942206654991,0.5411214582199396,0.468152194630798,-0.3389937106918239,-1,0.468152194630798,0.12446958981612455,0.48478693298327064,0.3503689760019037,-1,0,-0.0,1.0
2023-03-15,377.98,485.8,243.75,287.68,129.71,150.75,98.33,0.0681,-107.82,-0.2219431860396393,0,0,0,0,0,0,-0.0423065188650462,0,0.5460691823899371,0.9808622078968574,0.1238998742713453,0.5564363264629636,0.4754772926518072,-0.0423065188650462,-1,0.47547729265180716,0.46520637758903294,0.470987402076043,0.3301481894100366,-1,0,-0.0,1.0
2023-03-22,356.12,379.37,290.42,234.21,156.64,100.64,64.51,0.0098,-23.25,-0.0612858157964894,0,0,0,0,0,0,-0.2057045419314835,0,-0.3439438625038136,0.0143081761006289,0.29955680902498,0.5607417787251562,0.4636953281172761,-0.2057045419314835,-1,0.46369532811727615,0.373429848839685,0.480463787194168,0.3440341658554814,-1,0,-0.0,1.0
2023-03-29,438.63,360.4,234.83,282.13,147.61,128.7,74.48,0.0417,78.23000000000002,0.2170643723166916,0,0,0,0,0,0,-0.4296455424274973,0,0.1545496822198109,-0.2425505949354215,0.171069182389937,0.4689395658650555,0.4640425286279045,-0.4296455424274974,-1,0.4640425286279045,-0.2256186317321689,0.5068243043078576,0.38266086951596595,-1,0,-0.0,1.0
2023-04-05,451.63,365.12,251.4,211.06,166.37,161.69,69.96,0.0562,86.50999999999999,0.2369358012792073,0,0,0,0,0,0,0.6010577472841626,1,-0.0606874328678841,0.0844830258874591,-0.2885182548560968,0.4696824256833251,0.4372142860749941,0.6010577472841625,-1,0.437214286074994,-0.37874078678625345,0.47929659967671834,0.34232385773981355,-1,0,0.0,1.0
2023-04-12,352.49,352.73,278.37,284.65,193.68,198.12,42.04,0.0167,-0.2400000000000091,-0.0006804071083253,0,0,0,0,0,0,1.823977164605138,1,-0.3990851915380217,-0.4355531686358754,-0.3483180902185708,0.4341699614151982,0.436923654802688,1.823977164605138,-1,0.43692365480268797,0.047595315225517076,0.7025551209205212,0.6694699718531759,-1,0,0.0,1.0
2023-04-19,426.81,364.17,239.65,212.75,173.26,163.18,94.17,0.0799,62.639999999999986,0.1720075784056688,0,0,0,0,0,0,-0.4443028565360518,0,1.2400095147478591,0.3460548885077188,0.2643662728249194,0.5691177188951605,0.5106024437010214,-0.4443028565360518,-1,0.5106024437010214,0.9155817737998375,0.692886538339621,0.6553023638142803,1,-1,0.4443028565360518,1.4443028565360518
2023-04-26,383.97,452.45,262.21,239.73,121.49,125.98,51.24,0.071,-68.47999999999996,-0.1513537404103132,0,0,0,0,0,0,0.1855971896955503,1,-0.4558776680471488,0.2188392007611799,-0.2675814751286448,0.6003685629937103,0.5218181794824653,0.1855971896955504,-1,0.5218181794824653,0.12171628721541161,0.6875404755805103,0.6474686486767545,1,-1,-0.1855971896955504,1.1762443052937048
2023-05-03,446.78,360.68,286.24,279.73,103.12,163.4,42.48,0.0636,86.09999999999997,0.2387157584598098,0,0,0,0,0,0,0.5955743879472695,1,-0.17096018735363,-0.5489009238611022,0.0104662226450997,0.5407181591701122,0.5231842761589027,0.5955743879472695,-1,0.5231842761589027,-0.5144587952908903,0.6929545733778212,0.6554020572022269,-1,0,0.0,1.1762443052937048
2023-05-10,376.15,397.85,294.95,214.99,126.23,154.0,112.01,0.0674,-21.700000000000045,-0.0545431693991626,0,0,0,0,0,0,0.0669583072939916,1,1.6367702448210926,1.1859875097580015,0.1894446214293299,0.710755013209144,0.6198593151155679,0.0669583072939916,-1,0.6198593151155678,1.2564464141821112,0.6907654252481487,0.6521942454696623,1,-1,-0.0669583072939916,1.0974849776470412
2023-05-17,453.64,476.73,214.71,222.93,159.51,177.98,118.72,0.0715,-23.090000000000032,-0.0484341240357558,0,0,0,0,0,0,-0.636455525606469,0,0.0599053655923578,1.794726930320151,1.3169398907103824,0.7128684628900009,0.6174296902501144,-0.636455525606469,-1,0.6174296902501143,0.8666666666666667,0.7213825578857127,0.6970582708688743,1,-1,0.636455525606469,1.7959853559405927
2023-05-24,408.01,353.49,292.66,272.23,105.14,110.7,52.33,0.0233,54.51999999999998,0.1542334998041429,0,0,0,0,0,0,0.5797821517294096,1,-0.5592149595687332,-0.5328095705740559,0.2318738229755179,0.7419055497069313,0.6391082117756209,0.5797821517294095,-1,0.6391082117756208,-0.4678124682192617,0.7295913227899952,0.7090867727381202,-1,0,0.0,1.7959853559405927
2023-05-31,490.51,472.17,249.21,272.0,149.64,176.1,60.75,0.0431,18.339999999999975,0.0388419424384396,0,0,0,0,0,0,0.8134979423868313,1,0.1609019682782342,-0.4882917789757413,-0.457637710918668,0.7245462702875878,0.6305796032710927,0.8134979423868314,-1,0.6305796032710927,-0.05828553712602702,0.7356587705366239,0.7179775507556269,-1,0,0.0,1.7959853559405927
2023-06-07,370.63,392.28,225.82,264.11,159.68,154.13,67.78,0.0663,-21.649999999999977,-0.0551901701458392,0,0,0,0,0,0,0.285039834759516,1,0.1157201646090535,0.2952417351423657,-0.429076819407008,0.7246865159832998,0.5953757620709492,0.285039834759516,-1,0.5953757620709492,-0.08995703544575728,0.688412349843112,0.6487462271334088,-1,0,0.0,1.7959853559405927
2023-06-14,401.16,367.72,245.91,269.39,133.42,196.3,119.51,0.0179,33.44,0.0909387575031579,0,0,0,0,0,0,-0.3357041251778094,0,0.7632044850988493,0.9672427983539096,1.283776036690235,0.7438015065233026,0.6126029883054733,-0.3357041251778094,-1,0.6126029883054733,0.7082618639222416,0.7191096660103755,0.6937277473991591,1,-1,0.3357041251778094,2.398905048688786
2023-06-21,367.02,454.51,298.0,254.27,177.09,134.19,43.16,0.0153,-87.49000000000001,-0.1924930140316098,0,0,0,0,0,0,0.989805375347544,1,-0.6388586729144006,-0.3632339923281205,-0.2895473251028807,0.7700624803506475,0.6122787845229513,0.989805375347544,-1,0.6122787845229513,0.026641294005708804,0.5504333859088025,0.44656231214095893,-1,0,0.0,2.398905048688786
2023-06-28,488.7,444.34,249.26,225.18,110.66,163.26,82.67,0.0561,44.360000000000014,0.0998334606386248,0,0,0,0,0,0,0.3481311237450102,1,0.9154309545875814,-0.3082587231194043,0.2196813219238713,0.7277433756447427,0.6358396452241603,0.3481311237450102,-1,0.6358396452241603,-0.12211957098863757,0.5005550126347141,0.373474324708243,-1,0,0.0,2.398905048688786
2023-07-05,481.6,481.62,232.88,234.57,107.51,193.2,110.17,0.069,-0.0199999999999818,-4.15265145933626e-05,0,0,0,0,0,0,-0.623037124444041,0,0.3326478771017298,1.5525949953660798,-0.0781524558614342,0.6927414171975772,0.633765536047184,-0.623037124444041,-1,0.6337655360471839,1.1500780640124901,0.5784162886641351,0.4875663367444465,-1,0,-0.0,2.398905048688786
2023-07-12,388.69,460.26,263.34,218.16,172.82,110.25,87.1,0.022,-71.57,-0.1554990654075977,0,0,0,0,0,0,-0.211251435132032,0,-0.2094036489062358,0.0535865489294784,1.0180722891566267,0.6955094767629573,0.6169132281160112,-0.211251435132032,-1,0.6169132281160111,1.050376647834275,0.5746621592572736,0.482065320073319,-1,0,-0.0,2.398905048688786
2023-07-19,449.0,470.52,224.01,290.85,149.55,193.72,79.39,0.0794,-21.519999999999985,-0.0457366317144082,0,0,0,0,0,0,0.1859176218667339,1,-0.0885189437428243,-0.2793864028319869,-0.0396758195234063,0.502660393251673,0.6045785984248958,0.185917621866734,-1,0.6045785984248957,-0.2912239978573342,0.5744968365407807,0.4818230686959739,-1,0,0.0,2.398905048688786
2023-07-26,472.58,392.31,207.59,258.34,168.84,168.79,85.88,0.019,80.26999999999998,0.2046085998200183,0,0,0,0,0,0,-0.4011411271541685,0,0.0817483310240583,-0.0140068886337543,-0.2204774439502587,0.5025858061013185,0.6041881097443428,-0.4011411271541686,-1,0.6041881097443427,-0.27661725067385445,0.5431424962098733,0.4358787950230203,-1,0,-0.0,2.398905048688786
2023-08-02,433.28,376.62,212.89,240.09,143.48,106.78,111.45,0.0698,56.65999999999997,0.1504434173691162,0,0,0,0,0,0,-0.5774786899955137,0,0.2977410340009316,0.4038291976319437,0.2795637198622274,0.4504425245821453,0.5982295007938631,-0.5774786899955137,-1,0.5982295007938631,1.1297534874832795,0.5672497753570795,0.4712037745620645,-1,0,-0.0,2.398905048688786
2023-08-09,429.45,462.59,212.8,246.2,124.64,130.1,41.53,0.0401,-33.139999999999986,-0.0716401131203871,0,0,0,0,0,0,0.1769804960269685,1,-0.6273665320771646,-0.5164182580344667,-0.4768862577150774,0.5168802182637547,0.6134987960322486,0.1769804960269685,-1,0.6134987960322486,-0.31637860082304525,0.5039061075262051,0.37838476515042097,-1,0,0.0,2.398905048688786
2023-08-16,386.28,471.03,215.19,294.73,181.91,170.82,68.7,0.0353,-84.75,-0.179924845169257,0,0,0,0,0,0,-0.3282387190684134,0,0.6542258608235012,-0.3835800807537012,-0.2000465766185374,0.5465666866871347,0.6247326355348392,-0.3282387190684134,-1,0.624732635534839,0.013573325464738994,0.5004679395266667,0.3733467343758212,-1,0,-0.0,2.398905048688786
2023-08-23,363.97,498.58,213.88,215.34,179.94,106.74,94.15,0.0194,-134.60999999999996,-0.2699867618637193,0,0,0,0,0,0,-0.3242697822623474,0,0.3704512372634643,1.2670358776787864,-0.155226558995065,0.5103664910459724,0.6244306111389454,-0.3242697822623474,-1,0.6244306111389453,-0.21219981591498616,0.4998253730660451,0.3724051661907377,-1,0,-0.0,2.398905048688786
2023-08-30,484.58,411.89,264.09,258.62,169.47,158.22,51.43,0.0591,72.69,0.1764791566280338,0,0,0,0,0,0,0.2778533929613066,1,-0.4537440254912374,-0.2513828238719069,0.2383818926077534,0.4828500495524703,0.627184260242332,0.2778533929613065,-1,0.627184260242332,0.1916126042632067,0.36306713874725766,0.1720100158459988,-1,0,0.0,2.398905048688786
2023-09-06,485.06,405.8,218.19,250.59,127.21,134.59,47.09,0.0243,79.25999999999999,0.1953178901051801,0,0,0,0,0,0,0.95009556169038,1,-0.0843865448181994,-0.4998406797663303,-0.3145560407569141,0.3974973435012558,0.5762500773138988,0.95009556169038,-1,0.5762500773138988,-0.430385871537438,0.48412281785441214,0.3493958320317674,-1,0,0.0,2.398905048688786
2023-09-13,444.97,466.46,234.57,261.15,159.02,162.09,48.88,0.0151,-21.489999999999952,-0.0460704025081026,0,0,0,0,0,0,-0.0642389525368248,0,0.0380123168400934,-0.0495819560567761,-0.4808284652150822,0.3830081105117612,0.5613379478941465,-0.0642389525368248,-1,0.5613379478941464,-0.5563220477443951,0.44619895556248657,0.2938250788445893,-1,0,-0.0,2.398905048688786
2023-09-20,400.85,401.12,289.68,201.81,136.1,104.57,46.15,0.0711,-0.2699999999999818,-0.0006731152755456,0,0,0,0,0,0,0.7683640303358613,1,-0.0558510638297873,-0.019961775323848,-0.1026638148940307,0.3768024603985352,0.5586766393901413,0.7683640303358614,-1,0.5586766393901412,-0.4701492537313433,0.5059095214366798,0.3813204160367615,-1,0,0.0,2.398905048688786
2023-09-27,402.38,489.61,247.4,287.21,109.16,187.15,63.62,0.0634,-87.23000000000002,-0.1781622103752738,0,0,0,0,0,0,0.7683640303358613,0,0.3785482123510293,0.3015548281505726,0.3510299426629857,0.3914515910499514,0.4386763920839317,0.2827727129833386,-1,0.43867639208393167,-0.19863962715707273,0.5093675401011196,0.38638753447103436,-1,0,0.0,2.398905048688786
2023-10-04,458.89,478.76,266.76,293.21,191.73,197.35,65.72,0.0132,-19.870000000000005,-0.0415030494579684,0,0,0,0,0,0,0.7683640303358613,0,0.0330084878968877,0.4240520043336944,0.3445171849427166,0.3914532855099063,0.4387584490109617,0.2417833231892878,-1,0.43875844901096167,-0.23474615742897065,0.4822969368189126,0.34672032436348604,-1,0,0.0,2.398905048688786
2023-10-11,484.57,414.35,217.23,256.51,113.68,196.89,91.83,0.0126,70.21999999999997,0.1694702542066603,0,0,0,0,0,0,0.7683640303358613,0,0.3972915398660985,0.4434140207481925,0.9898158179848322,0.3994937920206565,0.4180663273893715,-0.1112926059022105,-1,0.41806632738937144,-0.17604306864064612,0.424237163863059,0.2616439339843268,-1,0,-0.0,2.398905048688786
2023-10-18,483.06,462.63,219.23,269.67,195.02,174.97,45.74,0.0206,20.430000000000007,0.0441605601794942,0,0,0,0,0,0,0.7683640303358613,0,-0.5019056953065446,-0.304017041996348,-0.2810436969506443,0.3766503631510279,0.4402550254583071,0.7842151289899431,-1,0.440255025458307,0.1013725018059235,0.4642209497309368,0.3202331430382234,-1,0,0.0,2.398905048688786
2023-10-25,466.98,463.18,204.09,292.25,144.6,113.01,81.61,0.0369,3.8000000000000114,0.0082041538749424,0,0,0,0,0,0,0.7683640303358613,0,0.7842151289899431,-0.1112926059022105,0.2417833231892878,0.4002660769903757,0.4671907123206006,0.0,-1,0.46719071232060055,0.18791848617176132,0.42926069951023066,0.2690050423394587,-1,0,0.0,2.398905048688786
